TipoTitulo;DataVencimento;DataBase;TaxaCompraManha;TaxaVendaManha;PUCompraManha;PUVendaManha;PUBaseManha
Tesouro Prefixado com Juros Semestrais;01/01/2008;20/01/2005;17.78;17.88;844.65;842.82;842.27
Tesouro Selic;16/02/2005;19/01/2005;0.01;0.03;2181.08;2181.05;2179.63
Tesouro Selic;18/01/2006;19/01/2005;0.12;0.14;2178.50;2178.07;2176.64
Tesouro Selic;17/01/2007;19/01/2005;0.19;0.23;2172.93;2171.21;2169.79
Tesouro Selic;18/06/2008;19/01/2005;0.28;0.36;2160.60;2154.79;2153.36
Tesouro Selic;18/03/2009;19/01/2005;0.33;0.41;2151.58;2144.50;2143.08
Tesouro Prefixado;01/04/2005;19/01/2005;18.65;18.69;967.95;967.88;967.23
Tesouro Prefixado;01/07/2005;19/01/2005;18.96;19.00;926.37;926.23;925.60
Tesouro Prefixado;01/10/2005;19/01/2005;18.94;19.00;885.91;885.59;884.98
Tesouro Prefixado;01/01/2006;19/01/2005;18.71;18.77;850.45;850.04;849.46
Tesouro Prefixado;01/07/2006;19/01/2005;18.31;18.39;785.42;784.66;784.13
Tesouro IPCA+ com Juros Semestrais;15/08/2006;19/01/2005;8.81;8.83;1468.20;1467.80;1466.99
Tesouro IPCA+ com Juros Semestrais;15/05/2009;19/01/2005;8.84;8.88;1361.75;1359.86;1359.11
Tesouro IPCA+ com Juros Semestrais;15/05/2045;19/01/2005;9.03;9.13;1030.46;1019.52;1018.95
Tesouro IPCA+ com Juros Semestrais;15/08/2024;19/01/2005;8.87;8.95;1144.62;1136.12;1135.49
Tesouro IPCA+ com Juros Semestrais;15/05/2015;19/01/2005;8.81;8.89;1234.52;1227.79;1227.11
Tesouro IGPM+ com Juros Semestrais;01/07/2005;19/01/2005;11.03;11.05;1777.76;1777.62;1776.53
Tesouro IGPM+ com Juros Semestrais;01/12/2005;19/01/2005;10.20;10.22;1764.56;1764.29;1763.26
Tesouro IGPM+ com Juros Semestrais;01/12/2006;19/01/2005;9.42;9.44;1808.85;1808.27;1807.27
Tesouro IGPM+ com Juros Semestrais;01/04/2008;19/01/2005;9.06;9.10;1698.42;1696.63;1695.71
Tesouro IGPM+ com Juros Semestrais;01/03/2011;19/01/2005;8.38;8.44;1656.06;1651.48;1650.62
Tesouro IGPM+ com Juros Semestrais;01/01/2031;19/01/2005;8.25;8.35;2524.81;2500.41;2499.12
Tesouro IGPM+ com Juros Semestrais;01/04/2021;19/01/2005;8.26;8.34;1492.31;1481.67;1480.91
Tesouro IPCA+ com Juros Semestrais;15/08/2012;17/08/2007;8.00;8.04;1530.11;1527.65;1526.78
Tesouro IPCA+ com Juros Semestrais;15/08/2010;17/08/2007;7.99;8.03;1576.88;1575.26;1574.37
Tesouro IPCA+ com Juros Semestrais;15/05/2011;17/08/2007;8.03;8.07;1581.93;1579.99;1579.09
Tesouro IPCA+;15/08/2024;17/08/2007;7.02;7.10;525.73;519.13;518.85
Tesouro IPCA+;15/05/2015;17/08/2007;7.93;7.99;920.24;916.30;915.78
Tesouro IGPM+ com Juros Semestrais;01/03/2011;17/08/2007;8.02;8.06;1871.60;1869.44;1868.13
Tesouro Prefixado;01/04/2008;11/12/2007;11.27;11.30;969.12;969.05;968.63
Tesouro Prefixado;01/01/2010;11/12/2007;12.55;12.61;784.62;783.76;783.39
Tesouro Prefixado;01/01/2008;11/12/2007;11.13;11.16;994.57;994.55;994.13
Tesouro IPCA+ com Juros Semestrais;15/08/2012;11/12/2007;7.52;7.56;1615.48;1613.05;1612.38
Tesouro IPCA+ com Juros Semestrais;15/05/2011;11/12/2007;7.51;7.55;1614.70;1612.84;1612.17
Tesouro IPCA+ com Juros Semestrais;15/08/2010;11/12/2007;7.46;7.50;1654.97;1653.45;1652.77
Tesouro IPCA+ com Juros Semestrais;15/05/2009;11/12/2007;6.72;6.74;1671.25;1670.82;1670.18
Tesouro IPCA+ com Juros Semestrais;15/08/2008;11/12/2007;6.18;6.20;1709.36;1709.15;1708.52
Tesouro IPCA+ com Juros Semestrais;15/05/2015;11/12/2007;7.52;7.58;1548.72;1543.54;1542.90
Tesouro IPCA+ com Juros Semestrais;15/05/2045;11/12/2007;6.60;6.70;1554.07;1533.09;1532.50
Tesouro IPCA+ com Juros Semestrais;15/05/2035;11/12/2007;6.78;6.88;1531.57;1512.90;1512.31
Tesouro IPCA+ com Juros Semestrais;15/08/2024;11/12/2007;6.99;7.07;1555.66;1543.79;1543.18
Tesouro IPCA+ com Juros Semestrais;15/05/2017;11/12/2007;7.43;7.49;1532.26;1526.13;1525.50
Tesouro IPCA+;15/08/2024;11/12/2007;6.82;6.90;560.79;553.86;553.64
Tesouro IPCA+;15/05/2015;11/12/2007;7.54;7.60;979.97;975.93;975.52
Tesouro IGPM+ com Juros Semestrais;01/01/2031;11/12/2007;6.91;7.01;3251.07;3219.40;3217.88
Tesouro IGPM+ com Juros Semestrais;01/04/2021;11/12/2007;7.13;7.21;1847.53;1835.13;1834.25
Tesouro IGPM+ com Juros Semestrais;01/07/2017;11/12/2007;7.42;7.48;1876.88;1869.48;1868.56
Tesouro IGPM+ com Juros Semestrais;01/03/2011;11/12/2007;7.50;7.54;1961.08;1958.96;1958.00
Tesouro IGPM+ com Juros Semestrais;01/04/2008;11/12/2007;4.73;4.75;2040.57;2040.46;2039.67
Tesouro Prefixado com Juros Semestrais;01/01/2011;11/12/2007;12.83;12.89;977.70;976.36;975.89
Tesouro Prefixado com Juros Semestrais;01/01/2012;11/12/2007;12.85;12.91;960.52;958.87;958.40
Tesouro Prefixado com Juros Semestrais;01/01/2013;11/12/2007;12.94;13.00;942.78;940.85;940.40
Tesouro Prefixado com Juros Semestrais;01/01/2014;11/12/2007;12.99;13.05;927.00;924.84;924.39
Tesouro Prefixado com Juros Semestrais;01/07/2010;11/12/2007;12.73;12.79;989.61;988.45;987.98
Tesouro Prefixado com Juros Semestrais;01/01/2010;11/12/2007;12.56;12.62;1000.78;999.81;999.34
Tesouro Prefixado com Juros Semestrais;01/01/2017;11/12/2007;13.10;13.16;889.56;886.91;886.47
Tesouro Prefixado com Juros Semestrais;01/01/2008;11/12/2007;11.14;11.17;1043.10;1043.09;1042.65
Tesouro Selic;07/03/2012;10/12/2007;-0.01;0.03;3296.83;3291.26;3289.86
Tesouro Selic;07/03/2013;10/12/2007;-0.01;0.03;3297.15;3290.28;3288.89
Tesouro Selic;18/06/2008;10/12/2007;-0.02;0.00;3295.77;3295.44;3294.04
Tesouro Selic;18/03/2009;10/12/2007;-0.02;0.00;3296.27;3295.44;3294.04
Tesouro Selic;17/03/2010;10/12/2007;-0.01;0.02;3296.18;3293.95;3292.56
Tesouro Selic;16/03/2011;10/12/2007;-0.01;0.03;3296.51;3292.22;3290.83
Tesouro Prefixado;01/10/2009;10/12/2007;12.33;12.38;810.63;809.98;809.61
Tesouro Prefixado;01/07/2009;10/12/2007;12.10;12.15;837.97;837.39;837.01
Tesouro Prefixado;01/01/2009;10/12/2007;11.70;11.74;888.98;888.64;888.25
Tesouro Prefixado;01/10/2008;10/12/2007;11.55;11.59;915.71;915.45;915.05
Tesouro Prefixado;01/07/2008;10/12/2007;11.39;11.43;943.04;942.86;942.45
Tesouro Prefixado;01/04/2008;10/12/2007;11.25;11.28;968.76;968.69;968.28
Tesouro Prefixado;01/01/2010;10/12/2007;12.41;12.47;786.26;785.40;785.03
Tesouro Prefixado;01/01/2008;10/12/2007;11.14;11.17;994.14;994.13;993.71
Tesouro IPCA+ com Juros Semestrais;15/08/2012;10/12/2007;7.48;7.52;1617.24;1614.81;1614.14
Tesouro IPCA+ com Juros Semestrais;15/05/2011;10/12/2007;7.47;7.51;1615.91;1614.04;1613.37
Tesouro IPCA+ com Juros Semestrais;15/08/2010;10/12/2007;7.42;7.46;1655.80;1654.29;1653.60
Tesouro IPCA+ com Juros Semestrais;15/05/2009;10/12/2007;6.73;6.75;1670.40;1669.96;1669.32
Tesouro IPCA+ com Juros Semestrais;15/08/2008;10/12/2007;6.18;6.20;1708.74;1708.52;1707.90
Tesouro IPCA+ com Juros Semestrais;15/05/2015;10/12/2007;7.46;7.52;1553.27;1548.07;1547.43
Tesouro IPCA+ com Juros Semestrais;15/05/2045;10/12/2007;6.60;6.70;1553.48;1532.50;1531.91
Tesouro IPCA+ com Juros Semestrais;15/05/2035;10/12/2007;6.77;6.87;1532.87;1514.16;1513.57
Tesouro IPCA+ com Juros Semestrais;15/08/2024;10/12/2007;6.98;7.06;1556.54;1544.65;1544.04
Tesouro IPCA+ com Juros Semestrais;15/05/2017;10/12/2007;7.44;7.50;1530.61;1524.48;1523.85
Tesouro IPCA+;15/08/2024;10/12/2007;6.81;6.89;561.45;554.50;554.28
Tesouro IPCA+;15/05/2015;10/12/2007;7.47;7.53;984.30;980.24;979.83
Tesouro IGPM+ com Juros Semestrais;01/01/2031;10/12/2007;6.90;7.00;3252.74;3221.03;3219.51
Tesouro IGPM+ com Juros Semestrais;01/04/2021;10/12/2007;7.13;7.21;1846.65;1834.25;1833.37
Tesouro IGPM+ com Juros Semestrais;01/07/2017;10/12/2007;7.42;7.48;1875.97;1868.56;1867.65
Tesouro IGPM+ com Juros Semestrais;01/03/2011;10/12/2007;7.46;7.50;1962.26;1960.12;1959.16
Tesouro IGPM+ com Juros Semestrais;01/04/2008;10/12/2007;6.03;6.05;2032.31;2032.19;2031.31
Tesouro Prefixado com Juros Semestrais;01/01/2011;10/12/2007;12.69;12.75;980.36;979.02;978.55
Tesouro Prefixado com Juros Semestrais;01/01/2012;10/12/2007;12.70;12.76;964.23;962.56;962.10
Tesouro Prefixado com Juros Semestrais;01/01/2013;10/12/2007;12.84;12.90;945.55;943.61;943.16
Tesouro Prefixado com Juros Semestrais;01/01/2014;10/12/2007;12.89;12.95;930.16;927.99;927.54
Tesouro Prefixado com Juros Semestrais;01/07/2010;10/12/2007;12.61;12.67;991.47;990.30;989.83
Tesouro Prefixado com Juros Semestrais;01/01/2010;10/12/2007;12.42;12.48;1002.59;1001.61;1001.15
Tesouro Prefixado com Juros Semestrais;01/01/2017;10/12/2007;13.02;13.08;892.68;890.01;889.58
Tesouro Prefixado com Juros Semestrais;01/01/2008;10/12/2007;11.15;11.18;1042.66;1042.65;1042.21
Tesouro Selic;07/03/2012;07/12/2007;-0.01;0.03;3295.45;3289.87;3288.48
Tesouro Selic;16/03/2011;07/12/2007;-0.01;0.03;3295.12;3290.84;3289.44
Tesouro Selic;07/03/2013;07/12/2007;-0.01;0.03;3295.77;3288.89;3287.50
Tesouro Selic;18/06/2008;07/12/2007;-0.02;0.00;3294.39;3294.05;3292.66
Tesouro Selic;18/03/2009;07/12/2007;-0.02;0.00;3294.89;3294.05;3292.66
Tesouro Selic;17/03/2010;07/12/2007;-0.01;0.02;3294.79;3292.56;3291.17
Tesouro Prefixado;01/01/2010;07/12/2007;12.47;12.53;785.03;784.17;783.80
Tesouro Prefixado;01/10/2009;07/12/2007;12.40;12.45;809.35;808.70;808.32
Tesouro Prefixado;01/01/2008;07/12/2007;11.13;11.16;993.73;993.72;993.30
Tesouro Prefixado;01/04/2008;07/12/2007;11.25;11.28;968.35;968.28;967.86
Tesouro Prefixado;01/10/2008;07/12/2007;11.58;11.62;915.11;914.85;914.45
Tesouro Prefixado;01/01/2009;07/12/2007;11.74;11.78;888.25;887.91;887.52
Tesouro Prefixado;01/07/2009;07/12/2007;12.17;12.22;836.78;836.20;835.82
Tesouro Prefixado;01/07/2008;07/12/2007;11.37;11.41;942.73;942.54;942.14
Tesouro IPCA+ com Juros Semestrais;15/05/2045;07/12/2007;6.61;6.71;1550.77;1529.84;1528.86
Tesouro IPCA+ com Juros Semestrais;15/08/2024;07/12/2007;7.02;7.10;1549.97;1538.15;1537.14
Tesouro IPCA+ com Juros Semestrais;15/05/2017;07/12/2007;7.48;7.54;1525.89;1519.78;1518.77
Tesouro IPCA+ com Juros Semestrais;15/05/2015;07/12/2007;7.50;7.56;1549.17;1543.98;1542.95
Tesouro IPCA+ com Juros Semestrais;15/08/2012;07/12/2007;7.52;7.56;1614.14;1611.71;1610.63
Tesouro IPCA+ com Juros Semestrais;15/05/2011;07/12/2007;7.52;7.56;1612.90;1611.03;1609.95
Tesouro IPCA+ com Juros Semestrais;15/08/2010;07/12/2007;7.44;7.48;1654.36;1652.85;1651.75
Tesouro IPCA+ com Juros Semestrais;15/05/2009;07/12/2007;6.79;6.81;1668.46;1668.02;1666.96
Tesouro IPCA+ com Juros Semestrais;15/08/2008;07/12/2007;6.29;6.31;1706.94;1706.73;1705.66
Tesouro IPCA+ com Juros Semestrais;15/05/2035;07/12/2007;6.80;6.90;1526.63;1508.03;1507.06
Tesouro IPCA+;15/08/2024;07/12/2007;6.85;6.93;557.74;550.85;550.49
Tesouro IPCA+;15/05/2015;07/12/2007;7.51;7.57;981.18;977.13;976.48
Tesouro IGPM+ com Juros Semestrais;01/01/2031;07/12/2007;6.93;7.03;3241.65;3210.09;3207.28
Tesouro IGPM+ com Juros Semestrais;01/04/2021;07/12/2007;7.17;7.25;1839.56;1827.21;1825.59
Tesouro IPCA+ com Juros Semestrais;15/05/2009;15/10/2007;6.91;6.93;1688.66;1688.19;1687.60
Tesouro IPCA+ com Juros Semestrais;15/08/2008;15/10/2007;6.62;6.64;1677.25;1677.00;1676.43
Tesouro IPCA+ com Juros Semestrais;15/05/2035;15/10/2007;6.30;6.40;1650.10;1629.66;1629.12
Tesouro IPCA+ com Juros Semestrais;15/05/2045;15/10/2007;6.21;6.31;1664.39;1641.50;1640.97
Tesouro IPCA+ com Juros Semestrais;15/08/2024;15/10/2007;6.40;6.48;1621.37;1608.50;1607.96
Tesouro IPCA+ com Juros Semestrais;15/05/2017;15/10/2007;6.70;6.76;1632.43;1625.86;1625.30
Tesouro IPCA+ com Juros Semestrais;15/05/2015;15/10/2007;6.71;6.77;1643.59;1638.05;1637.49
Tesouro IPCA+ com Juros Semestrais;15/08/2012;15/10/2007;6.82;6.86;1631.59;1629.02;1628.46
Tesouro IPCA+ com Juros Semestrais;15/05/2011;15/10/2007;6.88;6.92;1666.49;1664.51;1663.92
Tesouro IPCA+;15/08/2024;15/10/2007;6.28;6.36;600.54;593.00;592.81
Tesouro IPCA+;15/05/2015;15/10/2007;6.69;6.75;1022.43;1018.09;1017.74
Tesouro IGPM+ com Juros Semestrais;01/04/2008;15/10/2007;6.11;6.13;1982.46;1982.29;1981.33
Tesouro IGPM+ com Juros Semestrais;01/03/2011;15/10/2007;6.88;6.92;1942.94;1940.71;1939.71
Tesouro IGPM+ com Juros Semestrais;01/07/2017;15/10/2007;6.69;6.75;1919.91;1912.04;1911.07
Tesouro IGPM+ com Juros Semestrais;01/04/2021;15/10/2007;6.50;6.58;1900.06;1886.83;1885.88
Tesouro IGPM+ com Juros Semestrais;01/01/2031;15/10/2007;6.37;6.47;3345.02;3310.85;3309.21
Tesouro Prefixado com Juros Semestrais;01/01/2017;15/10/2007;11.45;11.51;951.43;948.39;947.98
Tesouro Prefixado com Juros Semestrais;01/01/2014;15/10/2007;11.44;11.50;968.95;966.55;966.13
Tesouro Prefixado com Juros Semestrais;01/01/2013;15/10/2007;11.41;11.47;977.40;975.27;974.85
Tesouro Prefixado com Juros Semestrais;01/01/2012;15/10/2007;11.37;11.43;986.20;984.38;983.96
Tesouro Prefixado com Juros Semestrais;01/01/2011;15/10/2007;11.42;11.48;993.17;991.71;991.28
Tesouro Prefixado com Juros Semestrais;01/07/2010;15/10/2007;11.41;11.47;998.80;997.53;997.10
Tesouro Prefixado com Juros Semestrais;01/01/2008;15/10/2007;11.07;11.10;1026.33;1026.27;1025.84
Tesouro Prefixado com Juros Semestrais;01/01/2010;15/10/2007;11.34;11.40;1004.04;1002.97;1002.54
Tesouro Selic;18/06/2008;11/10/2007;-0.01;0.00;3242.04;3241.83;3240.46
Tesouro Selic;18/03/2009;11/10/2007;-0.01;0.01;3242.29;3241.36;3239.99
Tesouro Selic;17/03/2010;11/10/2007;-0.01;0.02;3242.61;3240.27;3238.89
Tesouro Selic;16/03/2011;11/10/2007;-0.01;0.03;3242.93;3238.52;3237.15
Tesouro Selic;07/03/2012;11/10/2007;0.00;0.04;3241.83;3236.15;3234.78
Tesouro Selic;07/03/2013;11/10/2007;-0.01;0.03;3243.57;3236.61;3235.23
Tesouro Prefixado;01/01/2010;11/10/2007;11.31;11.37;789.12;788.18;787.84
Tesouro Prefixado;01/10/2009;11/10/2007;11.33;11.38;810.26;809.54;809.20
Tesouro Prefixado;01/07/2009;11/10/2007;11.31;11.36;833.26;832.62;832.26
Tesouro Prefixado;01/01/2009;11/10/2007;11.26;11.30;878.10;877.72;877.34
Tesouro Prefixado;01/10/2008;11/10/2007;11.18;11.22;903.23;902.92;902.54
Tesouro Prefixado;01/07/2008;11/10/2007;11.14;11.18;928.88;928.65;928.26
Tesouro Prefixado;01/04/2008;11/10/2007;11.11;11.14;953.45;953.34;952.94
Tesouro Prefixado;01/01/2008;11/10/2007;11.07;11.10;978.16;978.10;977.69
Tesouro IPCA+ com Juros Semestrais;15/08/2024;11/10/2007;6.38;6.46;1624.07;1611.17;1610.39
Tesouro IPCA+ com Juros Semestrais;15/05/2017;11/10/2007;6.69;6.75;1632.97;1626.39;1625.60
Tesouro IPCA+ com Juros Semestrais;15/05/2015;11/10/2007;6.71;6.77;1643.03;1637.49;1636.68
Tesouro IPCA+ com Juros Semestrais;15/08/2012;11/10/2007;6.81;6.85;1631.67;1629.10;1628.29
Tesouro IPCA+ com Juros Semestrais;15/05/2011;11/10/2007;6.87;6.91;1666.40;1664.42;1663.59
Tesouro IPCA+ com Juros Semestrais;15/08/2010;11/10/2007;6.89;6.93;1648.49;1646.88;1646.06
Tesouro IPCA+ com Juros Semestrais;15/05/2009;11/10/2007;6.91;6.93;1688.07;1687.60;1686.76
Tesouro IPCA+ com Juros Semestrais;15/08/2008;11/10/2007;6.61;6.63;1676.82;1676.56;1675.74
Tesouro IPCA+ com Juros Semestrais;15/05/2035;11/10/2007;6.29;6.39;1651.62;1631.14;1630.36
Tesouro IPCA+ com Juros Semestrais;15/05/2045;11/10/2007;6.20;6.30;1666.17;1643.23;1642.45
Tesouro IPCA+;15/08/2024;11/10/2007;6.25;6.33;603.19;595.62;595.34
Tesouro IPCA+;15/05/2015;11/10/2007;6.69;6.75;1022.08;1017.74;1017.24
Tesouro IGPM+ com Juros Semestrais;01/01/2031;11/10/2007;6.36;6.46;3346.82;3312.60;3308.50
Tesouro IGPM+ com Juros Semestrais;01/04/2021;11/10/2007;6.48;6.56;1902.44;1889.18;1886.83
Tesouro IGPM+ com Juros Semestrais;01/07/2017;11/10/2007;6.68;6.74;1920.26;1912.38;1909.99
Tesouro IGPM+ com Juros Semestrais;01/03/2011;11/10/2007;6.87;6.91;1942.50;1940.27;1937.84
Tesouro IGPM+ com Juros Semestrais;01/04/2008;11/10/2007;6.11;6.13;1981.50;1981.33;1978.90
Tesouro Prefixado com Juros Semestrais;01/01/2014;11/10/2007;11.41;11.47;969.74;967.33;966.92
Tesouro Prefixado com Juros Semestrais;01/01/2013;11/10/2007;11.39;11.45;977.69;975.56;975.14
Tesouro Prefixado com Juros Semestrais;01/01/2012;11/10/2007;11.36;11.42;986.08;984.26;983.84
Tesouro Prefixado com Juros Semestrais;01/01/2011;11/10/2007;11.40;11.46;993.24;991.77;991.34
Tesouro Prefixado com Juros Semestrais;01/07/2010;11/10/2007;11.39;11.45;998.80;997.52;997.10
Tesouro Prefixado com Juros Semestrais;01/01/2010;11/10/2007;11.32;11.38;1003.97;1002.90;1002.47
Tesouro Prefixado com Juros Semestrais;01/01/2017;11/10/2007;11.42;11.48;952.55;949.50;949.09
Tesouro Prefixado com Juros Semestrais;01/01/2008;11/10/2007;11.07;11.10;1025.90;1025.84;1025.41
Tesouro Selic;07/03/2013;10/10/2007;0.00;0.04;3240.47;3233.50;3232.13
Tesouro Selic;07/03/2012;10/10/2007;0.00;0.04;3240.47;3234.78;3233.41
Tesouro Selic;16/03/2011;10/10/2007;0.00;0.04;3240.47;3236.05;3234.68
Tesouro Selic;17/03/2010;10/10/2007;-0.01;0.02;3241.25;3238.90;3237.53
Tesouro Selic;18/03/2009;10/10/2007;-0.01;0.01;3240.93;3240.00;3238.63
Tesouro Selic;18/06/2008;10/10/2007;-0.01;0.00;3240.68;3240.47;3239.09
Tesouro Prefixado;01/01/2008;10/10/2007;11.05;11.08;977.79;977.73;977.32
Tesouro Prefixado;01/10/2009;10/10/2007;11.29;11.34;810.48;809.77;809.42
Tesouro Prefixado;01/04/2008;10/10/2007;11.09;11.12;953.13;953.02;952.62
Tesouro Prefixado;01/07/2008;10/10/2007;11.11;11.15;928.67;928.44;928.05
Tesouro Prefixado;01/10/2008;10/10/2007;11.16;11.20;903.00;902.69;902.31
Tesouro Prefixado;01/01/2009;10/10/2007;11.22;11.26;878.12;877.73;877.36
Tesouro Prefixado;01/07/2009;10/10/2007;11.27;11.32;833.41;832.77;832.42
Tesouro Prefixado;01/01/2010;10/10/2007;11.26;11.32;789.57;788.63;788.29
Tesouro IPCA+ com Juros Semestrais;15/05/2015;10/10/2007;6.69;6.75;1644.07;1638.51;1637.99
Tesouro IPCA+ com Juros Semestrais;15/05/2017;10/10/2007;6.68;6.74;1633.26;1626.68;1626.16
Tesouro IPCA+ com Juros Semestrais;15/08/2024;10/10/2007;6.42;6.50;1616.82;1603.98;1603.49
Tesouro IPCA+ com Juros Semestrais;15/05/2035;10/10/2007;6.31;6.41;1646.70;1626.31;1625.81
Tesouro IPCA+ com Juros Semestrais;15/05/2045;10/10/2007;6.18;6.28;1670.03;1646.98;1646.49
Tesouro IPCA+ com Juros Semestrais;15/05/2011;10/10/2007;6.84;6.88;1667.06;1665.07;1664.53
Tesouro IPCA+ com Juros Semestrais;15/08/2012;10/10/2007;6.78;6.82;1632.79;1630.21;1629.69
Tesouro IPCA+ com Juros Semestrais;15/08/2008;10/10/2007;6.59;6.61;1676.25;1675.99;1675.46
Tesouro IPCA+ com Juros Semestrais;15/05/2009;10/10/2007;6.87;6.89;1688.16;1687.69;1687.14
Tesouro IPCA+ com Juros Semestrais;15/08/2010;10/10/2007;6.86;6.90;1648.87;1647.26;1646.72
Tesouro IPCA+;15/08/2024;10/10/2007;6.31;6.39;597.22;589.72;589.54
Tesouro IPCA+;15/05/2015;10/10/2007;6.67;6.73;1023.02;1018.68;1018.35
Tesouro IGPM+ com Juros Semestrais;01/01/2031;10/10/2007;6.38;6.48;3332.81;3298.77;3297.43
Tesouro IGPM+ com Juros Semestrais;01/04/2021;10/10/2007;6.50;6.58;1895.06;1881.85;1881.08
Tesouro IGPM+ com Juros Semestrais;01/07/2017;10/10/2007;6.67;6.73;1917.46;1909.59;1908.79
Tesouro IGPM+ com Juros Semestrais;01/03/2011;10/10/2007;6.84;6.88;1940.01;1937.77;1936.96
Tesouro IGPM+ com Juros Semestrais;01/04/2008;10/10/2007;6.11;6.13;1977.30;1977.13;1976.35
Tesouro Selic;18/03/2009;21/06/2007;0.00;0.02;3133.33;3132.24;3130.83
Tesouro Prefixado;01/10/2008;21/06/2007;10.74;10.78;878.14;877.73;877.38
Tesouro Prefixado;01/01/2009;21/06/2007;10.63;10.68;856.63;856.04;855.70
Tesouro Prefixado;01/07/2008;21/06/2007;10.87;10.91;900.84;900.52;900.15
Tesouro Prefixado;01/04/2008;21/06/2007;11.02;11.06;923.05;922.80;922.41
Tesouro Prefixado;01/01/2008;21/06/2007;11.24;11.28;945.73;945.55;945.15
Tesouro Prefixado;01/07/2009;21/06/2007;10.56;10.62;816.79;815.89;815.57
Tesouro Prefixado;01/07/2007;21/06/2007;11.92;11.95;997.32;997.31;996.86
Tesouro Prefixado;01/10/2007;21/06/2007;11.56;11.59;970.07;969.99;969.57
Tesouro IPCA+ com Juros Semestrais;15/05/2011;21/06/2007;6.33;6.37;1642.40;1640.24;1639.77
Tesouro IPCA+ com Juros Semestrais;15/08/2010;21/06/2007;6.38;6.42;1666.94;1665.16;1664.68
Tesouro IPCA+ com Juros Semestrais;15/05/2009;21/06/2007;6.70;6.72;1640.15;1639.59;1639.10
Tesouro IPCA+ com Juros Semestrais;15/08/2008;21/06/2007;7.25;7.27;1662.17;1661.83;1661.30
Tesouro IPCA+ com Juros Semestrais;15/08/2012;21/06/2007;6.29;6.35;1663.85;1659.72;1659.24
Tesouro IPCA+ com Juros Semestrais;15/05/2045;21/06/2007;5.90;6.00;1688.11;1663.66;1663.21
Tesouro IPCA+ com Juros Semestrais;15/05/2035;21/06/2007;5.93;6.03;1678.65;1656.78;1656.33
Tesouro IPCA+ com Juros Semestrais;15/08/2024;21/06/2007;5.94;6.02;1696.72;1682.99;1682.54
Tesouro IPCA+ com Juros Semestrais;15/05/2017;21/06/2007;6.05;6.11;1655.34;1648.28;1647.82
Tesouro IPCA+ com Juros Semestrais;15/05/2015;21/06/2007;6.22;6.28;1638.82;1632.95;1632.49
Tesouro IPCA+;15/08/2024;21/06/2007;5.86;5.94;623.08;615.09;614.92
Tesouro IPCA+;15/05/2015;21/06/2007;6.19;6.25;1027.51;1022.95;1022.66
Tesouro IGPM+ com Juros Semestrais;01/07/2017;21/06/2007;6.05;6.13;1969.42;1958.37;1957.68
Tesouro IGPM+ com Juros Semestrais;01/04/2021;21/06/2007;5.98;6.06;1952.37;1938.49;1937.82
Tesouro IGPM+ com Juros Semestrais;01/03/2011;21/06/2007;6.34;6.38;1935.52;1933.12;1932.43
Tesouro IGPM+ com Juros Semestrais;01/04/2008;21/06/2007;7.58;7.60;1925.16;1924.89;1924.12
Tesouro IGPM+ com Juros Semestrais;01/01/2031;21/06/2007;5.95;6.05;3444.05;3408.15;3406.97
Tesouro Prefixado com Juros Semestrais;01/01/2014;21/06/2007;10.43;10.49;1027.97;1025.33;1024.93
Tesouro Prefixado com Juros Semestrais;01/01/2012;21/06/2007;10.48;10.54;1030.86;1028.86;1028.45
Tesouro Prefixado com Juros Semestrais;01/07/2010;21/06/2007;10.52;10.58;1034.80;1033.36;1032.95
Tesouro Prefixado com Juros Semestrais;01/01/2010;21/06/2007;10.52;10.58;1035.70;1034.47;1034.06
Tesouro Prefixado com Juros Semestrais;01/01/2008;21/06/2007;11.24;11.28;1040.57;1040.39;1039.94
Tesouro Prefixado com Juros Semestrais;01/01/2017;21/06/2007;10.42;10.48;1023.51;1020.14;1019.74
Tesouro Selic;18/03/2009;20/06/2007;0.00;0.02;3131.92;3130.83;3129.42
Tesouro Selic;18/06/2008;20/06/2007;-0.01;0.00;3132.23;3131.92;3130.52
Tesouro Selic;07/03/2012;20/06/2007;0.00;0.04;3131.92;3126.04;3124.63
Tesouro Selic;16/03/2011;20/06/2007;0.00;0.04;3131.92;3127.26;3125.85
Tesouro Selic;17/03/2010;20/06/2007;0.00;0.03;3131.92;3129.36;3127.95
Tesouro Prefixado;01/04/2008;20/06/2007;10.98;11.02;922.92;922.67;922.29
Tesouro Prefixado;01/01/2008;20/06/2007;11.22;11.26;945.42;945.24;944.84
Tesouro Prefixado;01/07/2008;20/06/2007;10.81;10.85;900.97;900.64;900.27
Tesouro Prefixado;01/10/2008;20/06/2007;10.66;10.70;878.59;878.19;877.83
Tesouro Prefixado;01/01/2009;20/06/2007;10.55;10.60;857.24;856.65;856.30
Tesouro Prefixado;01/10/2007;20/06/2007;11.55;11.58;969.67;969.60;969.17
Tesouro Prefixado;01/07/2007;20/06/2007;11.92;11.95;996.87;996.86;996.42
Tesouro Prefixado;01/07/2009;20/06/2007;10.48;10.54;817.66;816.76;816.44
Tesouro IPCA+ com Juros Semestrais;15/05/2045;20/06/2007;5.86;5.96;1697.60;1672.91;1672.46
Tesouro IPCA+ com Juros Semestrais;15/05/2035;20/06/2007;5.89;5.99;1687.07;1665.03;1664.58
Tesouro IPCA+ com Juros Semestrais;15/08/2024;20/06/2007;5.93;6.01;1697.99;1684.24;1683.79
Tesouro IPCA+ com Juros Semestrais;15/05/2017;20/06/2007;6.05;6.11;1654.88;1647.82;1647.37
Tesouro IPCA+ com Juros Semestrais;15/05/2011;20/06/2007;6.32;6.36;1642.48;1640.31;1639.85
Tesouro IPCA+ com Juros Semestrais;15/08/2012;20/06/2007;6.23;6.29;1667.53;1663.38;1662.91
Tesouro IPCA+ com Juros Semestrais;15/05/2015;20/06/2007;6.16;6.22;1644.27;1638.36;1637.91
Tesouro IPCA+ com Juros Semestrais;15/08/2010;20/06/2007;6.37;6.41;1666.91;1665.12;1664.65
Tesouro IPCA+ com Juros Semestrais;15/05/2009;20/06/2007;6.73;6.75;1638.82;1638.27;1637.78
Tesouro IPCA+ com Juros Semestrais;15/08/2008;20/06/2007;7.25;7.27;1661.65;1661.30;1660.77
Tesouro IPCA+;15/08/2024;20/06/2007;5.85;5.93;623.92;615.92;615.75
Tesouro IPCA+;15/05/2015;20/06/2007;6.13;6.19;1031.81;1027.22;1026.94
Tesouro IGPM+ com Juros Semestrais;01/07/2017;20/06/2007;6.05;6.13;1968.74;1957.68;1957.00
Tesouro IGPM+ com Juros Semestrais;01/03/2011;20/06/2007;6.33;6.37;1935.43;1933.02;1932.33
Tesouro IGPM+ com Juros Semestrais;01/04/2021;20/06/2007;5.97;6.05;1953.45;1939.55;1938.87
Tesouro IGPM+ com Juros Semestrais;01/01/2031;20/06/2007;5.92;6.02;3453.76;3417.68;3416.50
Tesouro IGPM+ com Juros Semestrais;01/04/2008;20/06/2007;7.61;7.63;1923.98;1923.71;1922.93
Tesouro Prefixado com Juros Semestrais;01/01/2008;20/06/2007;11.22;11.26;1040.23;1040.04;1039.60
Tesouro Prefixado com Juros Semestrais;01/01/2010;20/06/2007;10.42;10.48;1037.35;1036.12;1035.71
Tesouro Prefixado com Juros Semestrais;01/07/2010;20/06/2007;10.41;10.47;1037.03;1035.59;1035.18
Tesouro Prefixado com Juros Semestrais;01/01/2012;20/06/2007;10.35;10.41;1034.82;1032.80;1032.39
Tesouro Prefixado com Juros Semestrais;01/01/2014;20/06/2007;10.32;10.38;1032.42;1029.77;1029.37
Tesouro Prefixado com Juros Semestrais;01/01/2017;20/06/2007;10.27;10.33;1031.60;1028.19;1027.79
Tesouro Selic;07/03/2012;19/06/2007;0.00;0.04;3130.52;3124.64;3123.23
Tesouro Selic;18/06/2008;19/06/2007;-0.01;0.00;3130.83;3130.52;3129.12
Tesouro Selic;18/03/2009;19/06/2007;0.00;0.02;3130.52;3129.43;3128.02
Tesouro Selic;17/03/2010;19/06/2007;0.00;0.03;3130.52;3127.96;3126.55
Tesouro Selic;16/03/2011;19/06/2007;0.00;0.04;3130.52;3125.86;3124.45
Tesouro Prefixado;01/07/2008;19/06/2007;10.82;10.86;900.52;900.19;899.82
Tesouro Prefixado;01/04/2008;19/06/2007;10.99;11.03;922.48;922.22;921.84
Tesouro Prefixado;01/10/2008;19/06/2007;10.67;10.71;878.14;877.73;877.38
Tesouro Prefixado;01/01/2009;19/06/2007;10.55;10.60;856.90;856.30;855.96
Tesouro Prefixado;01/07/2009;19/06/2007;10.48;10.54;817.33;816.44;816.11
Tesouro Prefixado;01/01/2008;19/06/2007;11.22;11.26;945.02;944.84;944.44
Tesouro Prefixado;01/07/2007;19/06/2007;11.93;11.96;996.42;996.42;995.97
Tesouro Prefixado;01/10/2007;19/06/2007;11.55;11.58;969.25;969.17;968.75
Tesouro IPCA+ com Juros Semestrais;15/05/2045;19/06/2007;5.88;5.98;1692.17;1667.60;1667.15
Tesouro IPCA+ com Juros Semestrais;15/05/2035;19/06/2007;5.90;6.00;1684.40;1662.40;1661.94
Tesouro IPCA+ com Juros Semestrais;15/08/2024;19/06/2007;5.94;6.02;1695.81;1682.08;1681.62
Tesouro IPCA+ com Juros Semestrais;15/05/2017;19/06/2007;6.09;6.15;1649.72;1642.68;1642.23
Tesouro IPCA+ com Juros Semestrais;15/05/2015;19/06/2007;6.18;6.24;1641.84;1635.95;1635.49
Tesouro IPCA+ com Juros Semestrais;15/08/2010;19/06/2007;6.45;6.49;1662.86;1661.07;1660.59
Tesouro IPCA+ com Juros Semestrais;15/05/2011;19/06/2007;6.36;6.40;1639.85;1637.69;1637.22
Tesouro IPCA+ com Juros Semestrais;15/08/2012;19/06/2007;6.25;6.31;1665.68;1661.53;1661.06
Tesouro IPCA+ com Juros Semestrais;15/05/2009;19/06/2007;6.77;6.79;1637.22;1636.67;1636.18
Tesouro IPCA+ com Juros Semestrais;15/08/2008;19/06/2007;7.26;7.28;1660.95;1660.60;1660.08
Tesouro IPCA+;15/08/2024;19/06/2007;5.85;5.93;623.76;615.75;615.58
Tesouro IPCA+;15/05/2015;19/06/2007;6.14;6.20;1030.76;1026.17;1025.89
Tesouro IGPM+ com Juros Semestrais;01/03/2011;19/06/2007;6.38;6.42;1931.73;1929.33;1928.64
Tesouro IGPM+ com Juros Semestrais;01/04/2008;19/06/2007;7.63;7.65;1922.93;1922.66;1921.88
Tesouro IGPM+ com Juros Semestrais;01/07/2017;19/06/2007;6.08;6.16;1963.90;1952.87;1952.19
Tesouro IGPM+ com Juros Semestrais;01/04/2008;17/08/2007;7.35;7.37;1961.43;1961.21;1959.89
Tesouro IGPM+ com Juros Semestrais;01/04/2021;17/08/2007;7.47;7.55;1744.37;1732.78;1731.59
Tesouro IGPM+ com Juros Semestrais;01/07/2017;17/08/2007;7.86;7.92;1712.03;1705.05;1703.86
Tesouro IGPM+ com Juros Semestrais;01/01/2031;17/08/2007;7.29;7.39;2946.71;2917.83;2915.85
Tesouro Prefixado com Juros Semestrais;01/01/2011;17/08/2007;12.56;12.62;948.37;946.92;946.47
Tesouro Prefixado com Juros Semestrais;01/01/2012;17/08/2007;12.65;12.71;931.11;929.34;928.90
Tesouro Prefixado com Juros Semestrais;01/01/2013;17/08/2007;12.65;12.71;917.70;915.67;915.23
Tesouro Prefixado com Juros Semestrais;01/01/2014;17/08/2007;12.65;12.71;905.35;903.08;902.66
Tesouro Prefixado com Juros Semestrais;01/01/2017;17/08/2007;12.67;12.73;875.99;873.20;872.78
Tesouro Prefixado com Juros Semestrais;01/01/2008;17/08/2007;11.35;11.38;1008.87;1008.77;1008.34
Tesouro Prefixado com Juros Semestrais;01/01/2010;17/08/2007;12.40;12.46;967.73;966.63;966.18
Tesouro Prefixado com Juros Semestrais;01/07/2010;17/08/2007;12.51;12.57;958.27;956.99;956.54
Tesouro Selic;18/03/2009;16/08/2007;0.00;0.02;3188.69;3187.69;3186.31
Tesouro Selic;18/06/2008;16/08/2007;-0.01;0.00;3188.95;3188.69;3187.32
Tesouro Selic;17/03/2010;16/08/2007;0.00;0.03;3188.69;3186.24;3184.86
Tesouro Selic;16/03/2011;16/08/2007;0.00;0.04;3188.69;3184.15;3182.77
Tesouro Selic;07/03/2012;16/08/2007;0.00;0.04;3188.69;3182.91;3181.53
Tesouro Selic;07/03/2013;16/08/2007;0.00;0.04;3188.69;3181.65;3180.27
Tesouro Prefixado;01/01/2009;16/08/2007;12.22;12.26;853.59;853.17;852.78
Tesouro Prefixado;01/10/2008;16/08/2007;11.29;11.33;887.55;887.20;886.82
Tesouro Prefixado;01/07/2008;16/08/2007;11.78;11.82;909.36;909.08;908.68
Tesouro Prefixado;01/07/2009;16/08/2007;12.50;12.55;803.53;802.86;802.49
Tesouro Prefixado;01/10/2009;16/08/2007;12.57;12.63;778.46;777.58;777.21
Tesouro Prefixado;01/04/2008;16/08/2007;11.67;11.71;935.18;934.97;934.56
Tesouro Prefixado;01/10/2007;16/08/2007;11.39;11.42;987.24;987.20;986.78
Tesouro Prefixado;01/01/2008;16/08/2007;11.43;11.46;961.25;961.16;960.75
Tesouro IPCA+ com Juros Semestrais;15/05/2011;16/08/2007;7.99;8.03;1582.99;1581.04;1580.41
Tesouro IPCA+ com Juros Semestrais;15/05/2045;16/08/2007;7.11;7.21;1451.26;1432.82;1432.30
Tesouro IPCA+ com Juros Semestrais;15/05/2035;16/08/2007;7.27;7.37;1442.36;1425.54;1425.01
Tesouro IPCA+ com Juros Semestrais;15/08/2024;16/08/2007;7.43;7.51;1440.37;1429.25;1428.72
Tesouro IPCA+ com Juros Semestrais;15/05/2017;16/08/2007;7.80;7.86;1489.84;1483.86;1483.29
Tesouro IPCA+ com Juros Semestrais;15/05/2015;16/08/2007;7.89;7.95;1510.84;1505.72;1505.13
Tesouro IPCA+ com Juros Semestrais;15/08/2012;16/08/2007;7.96;8.00;1531.71;1529.24;1528.64
Tesouro IPCA+ com Juros Semestrais;15/08/2010;16/08/2007;7.92;7.96;1578.82;1577.20;1576.58
Tesouro IPCA+ com Juros Semestrais;15/05/2009;16/08/2007;7.57;7.59;1643.46;1642.96;1642.34
Tesouro IPCA+ com Juros Semestrais;15/08/2008;16/08/2007;7.06;7.08;1643.11;1642.81;1642.22
Tesouro IPCA+;15/08/2024;16/08/2007;7.26;7.34;505.90;499.55;499.37
Tesouro IPCA+;15/05/2015;16/08/2007;7.89;7.95;922.35;918.40;918.05
Tesouro IGPM+ com Juros Semestrais;01/04/2021;16/08/2007;7.55;7.63;1731.59;1720.10;1719.37
Tesouro IGPM+ com Juros Semestrais;01/03/2011;16/08/2007;7.97;8.01;1873.00;1870.83;1870.01
Tesouro IGPM+ com Juros Semestrais;01/01/2031;16/08/2007;7.38;7.48;2918.72;2890.26;2889.05
Tesouro IGPM+ com Juros Semestrais;01/04/2008;16/08/2007;7.22;7.24;1961.51;1961.29;1960.49
Tesouro IGPM+ com Juros Semestrais;01/07/2017;16/08/2007;7.79;7.85;1719.03;1712.01;1711.27
Tesouro Prefixado com Juros Semestrais;01/01/2014;16/08/2007;12.71;12.77;902.66;900.40;899.97
Tesouro Prefixado com Juros Semestrais;01/01/2012;16/08/2007;12.63;12.69;931.26;929.49;929.05
Tesouro Prefixado com Juros Semestrais;01/01/2011;16/08/2007;12.79;12.85;942.35;940.91;940.46
Tesouro Prefixado com Juros Semestrais;01/01/2013;16/08/2007;12.69;12.75;915.91;913.88;913.44
Tesouro Prefixado com Juros Semestrais;01/07/2010;16/08/2007;11.95;12.01;969.93;968.62;968.18
Tesouro Prefixado com Juros Semestrais;01/01/2017;16/08/2007;12.69;12.75;874.64;871.86;871.44
Tesouro Prefixado com Juros Semestrais;01/01/2008;16/08/2007;11.42;11.45;1008.21;1008.11;1007.67
Tesouro Prefixado com Juros Semestrais;01/01/2010;16/08/2007;12.55;12.61;964.53;963.43;962.98
Tesouro Selic;07/03/2012;15/08/2007;0.00;0.04;3187.32;3181.54;3180.16
Tesouro Selic;07/03/2013;15/08/2007;0.00;0.04;3187.32;3180.28;3178.90
Tesouro Selic;18/06/2008;15/08/2007;-0.01;0.00;3187.58;3187.32;3185.95
Tesouro Selic;18/03/2009;15/08/2007;0.00;0.02;3187.32;3186.32;3184.94
Tesouro Selic;17/03/2010;15/08/2007;0.00;0.03;3187.32;3184.87;3183.49
Tesouro Selic;16/03/2011;15/08/2007;0.00;0.04;3187.32;3182.78;3181.40
Tesouro Prefixado;01/07/2009;15/08/2007;11.48;11.53;816.88;816.20;815.85
Tesouro Prefixado;01/01/2009;15/08/2007;11.32;11.36;862.71;862.29;861.92
Tesouro Prefixado;01/10/2008;15/08/2007;11.25;11.29;887.54;887.18;886.80
Tesouro Prefixado;01/07/2008;15/08/2007;11.19;11.23;913.09;912.81;912.42
Tesouro Prefixado;01/04/2008;15/08/2007;11.17;11.21;937.33;937.13;936.73
Tesouro Prefixado;01/01/2008;15/08/2007;11.18;11.21;961.64;961.54;961.14
Tesouro Prefixado;01/10/2009;15/08/2007;11.55;11.61;793.24;792.34;792.00
Tesouro Prefixado;01/10/2007;15/08/2007;11.32;11.35;986.89;986.86;986.44
Tesouro IPCA+ com Juros Semestrais;15/08/2012;15/08/2007;7.18;7.22;1580.32;1577.75;1577.18
Tesouro IPCA+ com Juros Semestrais;15/05/2011;15/08/2007;7.16;7.20;1623.63;1621.61;1621.02
Tesouro IPCA+ com Juros Semestrais;15/08/2010;15/08/2007;7.12;7.16;1611.10;1609.44;1608.85
Tesouro IPCA+ com Juros Semestrais;15/05/2009;15/08/2007;6.97;6.99;1658.07;1657.56;1656.97
Tesouro IPCA+ com Juros Semestrais;15/08/2008;15/08/2007;6.95;6.97;1644.17;1643.87;1643.29
Tesouro IPCA+ com Juros Semestrais;15/05/2015;15/08/2007;7.22;7.28;1569.02;1563.64;1563.07
Tesouro IPCA+ com Juros Semestrais;15/05/2045;15/08/2007;6.64;6.74;1543.34;1522.78;1522.26
Tesouro IPCA+ com Juros Semestrais;15/05/2035;15/08/2007;6.72;6.82;1540.40;1521.68;1521.15
Tesouro IPCA+ com Juros Semestrais;15/08/2024;15/08/2007;6.85;6.93;1524.28;1512.22;1511.69
Tesouro IPCA+ com Juros Semestrais;15/05/2017;15/08/2007;7.15;7.21;1556.17;1549.82;1549.26
Tesouro IPCA+;15/08/2024;15/08/2007;6.73;6.81;549.97;543.04;542.85
Tesouro IPCA+;15/05/2015;15/08/2007;7.23;7.29;966.74;962.57;962.22
Tesouro IGPM+ com Juros Semestrais;01/01/2031;15/08/2007;6.80;6.90;3091.84;3060.61;3059.40
Tesouro IGPM+ com Juros Semestrais;01/04/2021;15/08/2007;6.95;7.03;1820.56;1808.23;1807.50
Tesouro IGPM+ com Juros Semestrais;01/07/2017;15/08/2007;7.14;7.20;1796.93;1789.47;1788.74
Tesouro IGPM+ com Juros Semestrais;01/03/2011;15/08/2007;7.15;7.19;1917.50;1915.26;1914.47
Tesouro IGPM+ com Juros Semestrais;01/04/2008;15/08/2007;7.18;7.20;1961.15;1960.93;1960.13
Tesouro Prefixado com Juros Semestrais;01/01/2011;15/08/2007;11.66;11.72;969.78;968.27;967.84
Tesouro Prefixado com Juros Semestrais;01/01/2012;15/08/2007;11.62;11.68;961.31;959.46;959.04
Tesouro Prefixado com Juros Semestrais;01/01/2013;15/08/2007;11.60;11.66;953.51;951.36;950.95
Tesouro Prefixado com Juros Semestrais;01/01/2014;15/08/2007;11.60;11.66;945.54;943.12;942.71
Tesouro Prefixado com Juros Semestrais;01/07/2010;15/08/2007;11.64;11.70;976.30;974.98;974.55
Tesouro Prefixado com Juros Semestrais;01/01/2010;15/08/2007;11.57;11.63;982.29;981.16;980.74
Tesouro Prefixado com Juros Semestrais;01/01/2017;15/08/2007;11.58;11.64;928.17;925.13;924.72
Tesouro Prefixado com Juros Semestrais;01/01/2008;15/08/2007;11.18;11.21;1008.57;1008.47;1008.05
Tesouro Selic;18/03/2009;14/08/2007;0.00;0.02;3185.95;3184.94;3183.57
Tesouro Selic;17/03/2010;14/08/2007;0.00;0.03;3185.95;3183.49;3182.12
Tesouro Selic;16/03/2011;14/08/2007;0.00;0.04;3185.95;3181.41;3180.03
Tesouro Selic;07/03/2012;14/08/2007;0.00;0.04;3185.95;3180.17;3178.79
Tesouro Selic;07/03/2013;14/08/2007;0.00;0.04;3185.95;3178.91;3177.53
Tesouro IGPM+ com Juros Semestrais;01/07/2017;07/12/2007;7.46;7.52;1870.12;1862.73;1861.07
Tesouro IGPM+ com Juros Semestrais;01/03/2011;07/12/2007;7.50;7.54;1959.16;1957.03;1955.28
Tesouro IGPM+ com Juros Semestrais;01/04/2008;07/12/2007;6.06;6.08;2031.25;2031.14;2029.43
Tesouro Prefixado com Juros Semestrais;01/01/2014;07/12/2007;12.98;13.04;926.46;924.30;923.85
Tesouro Prefixado com Juros Semestrais;01/01/2013;07/12/2007;12.94;13.00;941.87;939.94;939.49
Tesouro Prefixado com Juros Semestrais;01/01/2012;07/12/2007;12.79;12.85;961.27;959.60;959.14
Tesouro Prefixado com Juros Semestrais;01/01/2011;07/12/2007;12.78;12.84;977.88;976.54;976.07
Tesouro Prefixado com Juros Semestrais;01/07/2010;07/12/2007;12.67;12.73;989.83;988.67;988.20
Tesouro Prefixado com Juros Semestrais;01/01/2010;07/12/2007;12.47;12.53;1001.31;1000.33;999.86
Tesouro Prefixado com Juros Semestrais;01/01/2017;07/12/2007;13.10;13.16;888.69;886.04;885.60
Tesouro Prefixado com Juros Semestrais;01/01/2008;07/12/2007;11.14;11.17;1042.23;1042.21;1041.78
Tesouro Selic;16/03/2011;06/12/2007;-0.01;0.03;3293.74;3289.45;3288.06
Tesouro Selic;07/03/2012;06/12/2007;-0.01;0.03;3294.06;3288.49;3287.09
Tesouro Selic;07/03/2013;06/12/2007;-0.01;0.03;3294.39;3287.51;3286.11
Tesouro Selic;17/03/2010;06/12/2007;-0.01;0.02;3293.41;3291.18;3289.78
Tesouro Selic;18/03/2009;06/12/2007;-0.02;0.00;3293.50;3292.67;3291.27
Tesouro Selic;18/06/2008;06/12/2007;-0.02;0.00;3293.01;3292.67;3291.27
Tesouro Prefixado;01/01/2008;06/12/2007;11.14;11.17;993.31;993.29;992.88
Tesouro Prefixado;01/04/2008;06/12/2007;11.27;11.30;967.89;967.81;967.40
Tesouro Prefixado;01/07/2008;06/12/2007;11.39;11.43;942.23;942.05;941.64
Tesouro Prefixado;01/01/2009;06/12/2007;11.76;11.80;887.69;887.35;886.96
Tesouro Prefixado;01/07/2009;06/12/2007;12.16;12.21;836.51;835.93;835.55
Tesouro Prefixado;01/10/2009;06/12/2007;12.37;12.42;809.36;808.71;808.33
Tesouro Prefixado;01/01/2010;06/12/2007;12.43;12.49;785.24;784.38;784.01
Tesouro Prefixado;01/10/2008;06/12/2007;11.58;11.62;914.72;914.45;914.05
Tesouro IPCA+ com Juros Semestrais;15/08/2024;06/12/2007;7.07;7.15;1541.56;1529.82;1529.21
Tesouro IPCA+ com Juros Semestrais;15/05/2035;06/12/2007;6.82;6.92;1521.90;1503.38;1502.79
Tesouro IPCA+ com Juros Semestrais;15/05/2045;06/12/2007;6.65;6.75;1541.36;1520.63;1520.04
Tesouro IPCA+ com Juros Semestrais;15/05/2017;06/12/2007;7.55;7.61;1517.76;1511.69;1511.06
Tesouro IPCA+ com Juros Semestrais;15/05/2015;06/12/2007;7.55;7.61;1543.81;1538.64;1538.00
Tesouro IPCA+ com Juros Semestrais;15/08/2012;06/12/2007;7.56;7.60;1610.63;1608.20;1607.53
Tesouro IPCA+ com Juros Semestrais;15/05/2011;06/12/2007;7.56;7.60;1609.95;1608.08;1607.41
Tesouro IPCA+ com Juros Semestrais;15/08/2010;06/12/2007;7.47;7.51;1652.13;1650.61;1649.93
Tesouro IPCA+ com Juros Semestrais;15/05/2009;06/12/2007;6.87;6.89;1665.66;1665.23;1664.58
Tesouro IPCA+ com Juros Semestrais;15/08/2008;06/12/2007;6.19;6.21;1706.95;1706.74;1706.11
Tesouro IPCA+;15/05/2015;06/12/2007;7.57;7.63;976.48;972.45;972.04
Tesouro IPCA+;15/08/2024;06/12/2007;6.90;6.98;553.07;546.23;546.01
Tesouro IGPM+ com Juros Semestrais;01/04/2008;06/12/2007;6.08;6.10;2029.43;2029.31;2028.42
Tesouro IGPM+ com Juros Semestrais;01/03/2011;06/12/2007;7.54;7.58;1955.28;1953.15;1952.19
Tesouro IGPM+ com Juros Semestrais;01/07/2017;06/12/2007;7.53;7.59;1859.84;1852.51;1851.59
Tesouro IGPM+ com Juros Semestrais;01/04/2021;06/12/2007;7.22;7.30;1830.21;1817.94;1817.06
Tesouro IGPM+ com Juros Semestrais;01/01/2031;06/12/2007;6.97;7.07;3226.14;3194.80;3193.29
Tesouro Prefixado com Juros Semestrais;01/01/2014;06/12/2007;12.98;13.04;926.01;923.85;923.40
Tesouro Prefixado com Juros Semestrais;01/01/2013;06/12/2007;12.97;13.03;940.45;938.52;938.07
Tesouro Prefixado com Juros Semestrais;01/01/2012;06/12/2007;12.77;12.83;961.36;959.70;959.24
Tesouro Prefixado com Juros Semestrais;01/01/2011;06/12/2007;12.78;12.84;977.41;976.07;975.60
Tesouro Prefixado com Juros Semestrais;01/07/2010;06/12/2007;12.63;12.69;990.14;988.98;988.51
Tesouro Prefixado com Juros Semestrais;01/01/2010;06/12/2007;12.43;12.49;1001.50;1000.52;1000.05
Tesouro Prefixado com Juros Semestrais;01/01/2017;06/12/2007;13.12;13.18;887.37;884.72;884.29
Tesouro Prefixado com Juros Semestrais;01/01/2008;06/12/2007;11.15;11.18;1041.79;1041.77;1041.33
Tesouro Selic;07/03/2012;05/12/2007;-0.01;0.03;3292.67;3287.10;3285.71
Tesouro Selic;16/03/2011;05/12/2007;-0.01;0.03;3292.36;3288.06;3286.67
Tesouro Selic;17/03/2010;05/12/2007;-0.01;0.02;3292.03;3289.79;3288.40
Tesouro Selic;18/03/2009;05/12/2007;-0.01;0.01;3291.70;3290.86;3289.47
Tesouro Selic;18/06/2008;05/12/2007;-0.02;0.00;3291.62;3291.28;3289.89
Tesouro Selic;07/03/2013;05/12/2007;-0.01;0.03;3293.00;3286.12;3284.73
Tesouro Prefixado;01/10/2009;05/12/2007;12.25;12.30;810.56;809.91;809.53
Tesouro Prefixado;01/01/2008;05/12/2007;11.14;11.17;992.90;992.88;992.46
Tesouro Prefixado;01/04/2008;05/12/2007;11.27;11.30;967.48;967.40;966.99
Tesouro Prefixado;01/07/2008;05/12/2007;11.41;11.45;941.73;941.55;941.14
Tesouro Prefixado;01/10/2008;05/12/2007;11.55;11.59;914.52;914.25;913.85
Tesouro Prefixado;01/01/2009;05/12/2007;11.75;11.79;887.39;887.04;886.65
Tesouro Prefixado;01/07/2009;05/12/2007;12.06;12.11;837.29;836.71;836.33
Tesouro Prefixado;01/01/2010;05/12/2007;12.40;12.46;785.31;784.44;784.08
Tesouro IPCA+ com Juros Semestrais;15/08/2012;05/12/2007;7.52;7.56;1611.27;1608.84;1608.22
Tesouro IPCA+ com Juros Semestrais;15/05/2015;05/12/2007;7.49;7.55;1547.28;1542.09;1541.50
Tesouro IPCA+ com Juros Semestrais;15/05/2017;05/12/2007;7.51;7.57;1520.13;1514.04;1513.46
Tesouro IPCA+ com Juros Semestrais;15/08/2024;05/12/2007;7.03;7.11;1545.79;1533.99;1533.43
Tesouro IPCA+ com Juros Semestrais;15/05/2035;05/12/2007;6.78;6.88;1527.75;1509.10;1508.57
Tesouro IPCA+ com Juros Semestrais;15/05/2045;05/12/2007;6.61;6.71;1548.12;1527.21;1526.68
Tesouro IPCA+ com Juros Semestrais;15/08/2010;05/12/2007;7.42;7.46;1652.19;1650.67;1650.05
Tesouro IPCA+ com Juros Semestrais;15/05/2011;05/12/2007;7.49;7.53;1611.44;1609.57;1608.95
Tesouro IPCA+ com Juros Semestrais;15/08/2008;05/12/2007;6.20;6.22;1705.03;1704.82;1704.25
Tesouro IPCA+ com Juros Semestrais;15/05/2009;05/12/2007;6.94;6.96;1662.33;1661.90;1661.30
Tesouro IPCA+;15/08/2024;05/12/2007;6.86;6.94;555.92;549.04;548.84
Tesouro IPCA+;15/05/2015;05/12/2007;7.50;7.56;980.12;976.07;975.69
Tesouro IGPM+ com Juros Semestrais;01/04/2021;05/12/2007;7.18;7.26;1835.51;1823.18;1822.31
Tesouro IGPM+ com Juros Semestrais;01/01/2031;05/12/2007;6.93;7.03;3237.31;3205.76;3204.25
Tesouro IGPM+ com Juros Semestrais;01/07/2017;05/12/2007;7.49;7.55;1863.84;1856.48;1855.56
Tesouro IGPM+ com Juros Semestrais;01/03/2011;05/12/2007;7.47;7.51;1958.06;1955.92;1954.96
Tesouro IGPM+ com Juros Semestrais;01/04/2008;05/12/2007;6.09;6.11;2028.48;2028.36;2027.48
Tesouro Prefixado com Juros Semestrais;01/07/2010;05/12/2007;12.54;12.60;991.43;990.26;989.79
Tesouro Prefixado com Juros Semestrais;01/01/2010;05/12/2007;12.41;12.47;1001.36;1000.38;999.91
Tesouro Prefixado com Juros Semestrais;01/01/2008;05/12/2007;11.15;11.18;1041.35;1041.33;1040.89
Tesouro Prefixado com Juros Semestrais;01/01/2011;05/12/2007;12.68;12.74;979.20;977.85;977.38
Tesouro Prefixado com Juros Semestrais;01/01/2012;05/12/2007;12.75;12.81;961.46;959.79;959.33
Tesouro Prefixado com Juros Semestrais;01/01/2013;05/12/2007;12.80;12.86;945.48;943.54;943.09
Tesouro Prefixado com Juros Semestrais;01/01/2014;05/12/2007;12.83;12.89;931.00;928.82;928.37
Tesouro Prefixado com Juros Semestrais;01/01/2017;05/12/2007;12.95;13.01;894.52;891.83;891.40
Tesouro Selic;07/03/2012;04/12/2007;-0.01;0.03;3291.29;3285.71;3284.32
Tesouro Selic;07/03/2013;04/12/2007;-0.01;0.03;3291.62;3284.74;3283.34
Tesouro Selic;18/06/2008;04/12/2007;-0.02;0.00;3290.24;3289.90;3288.51
Tesouro Selic;18/03/2009;04/12/2007;-0.01;0.01;3290.32;3289.47;3288.08
Tesouro Selic;17/03/2010;04/12/2007;-0.01;0.02;3290.65;3288.41;3287.01
Tesouro Selic;16/03/2011;04/12/2007;-0.01;0.03;3290.97;3286.67;3285.28
Tesouro Prefixado com Juros Semestrais;01/07/2010;10/10/2007;11.34;11.40;999.43;998.16;997.73
Tesouro Prefixado com Juros Semestrais;01/01/2010;10/10/2007;11.28;11.34;1004.26;1003.19;1002.76
Tesouro Prefixado com Juros Semestrais;01/01/2008;10/10/2007;11.06;11.09;1025.49;1025.43;1025.00
Tesouro Prefixado com Juros Semestrais;01/01/2011;10/10/2007;11.34;11.40;994.28;992.81;992.39
Tesouro Prefixado com Juros Semestrais;01/01/2012;10/10/2007;11.32;11.38;986.88;985.05;984.63
Tesouro Prefixado com Juros Semestrais;01/01/2013;10/10/2007;11.33;11.39;979.41;977.27;976.86
Tesouro Prefixado com Juros Semestrais;01/01/2014;10/10/2007;11.34;11.40;972.14;969.72;969.31
Tesouro Prefixado com Juros Semestrais;01/01/2017;10/10/2007;11.37;11.43;954.70;951.63;951.23
Tesouro Selic;07/03/2013;09/10/2007;0.00;0.04;3239.10;3232.14;3230.77
Tesouro Selic;18/06/2008;09/10/2007;-0.01;0.00;3239.32;3239.10;3237.73
Tesouro Selic;18/03/2009;09/10/2007;-0.01;0.01;3239.56;3238.64;3237.27
Tesouro Selic;17/03/2010;09/10/2007;-0.01;0.02;3239.88;3237.53;3236.17
Tesouro Selic;16/03/2011;09/10/2007;0.00;0.04;3239.10;3234.68;3233.31
Tesouro Selic;07/03/2012;09/10/2007;0.00;0.04;3239.10;3233.42;3232.05
Tesouro Prefixado;01/07/2009;09/10/2007;11.37;11.42;831.78;831.14;830.79
Tesouro Prefixado;01/01/2009;09/10/2007;11.30;11.34;876.97;876.59;876.21
Tesouro Prefixado;01/10/2008;09/10/2007;11.23;11.27;902.08;901.76;901.38
Tesouro Prefixado;01/07/2008;09/10/2007;11.19;11.23;927.81;927.57;927.18
Tesouro Prefixado;01/04/2008;09/10/2007;11.12;11.15;952.62;952.50;952.10
Tesouro Prefixado;01/10/2009;09/10/2007;11.40;11.45;808.57;807.85;807.50
Tesouro Prefixado;01/01/2008;09/10/2007;11.07;11.10;977.34;977.28;976.88
Tesouro IPCA+ com Juros Semestrais;15/08/2012;09/10/2007;6.86;6.90;1627.92;1625.35;1624.79
Tesouro IPCA+ com Juros Semestrais;15/05/2011;09/10/2007;6.90;6.94;1664.37;1662.38;1661.80
Tesouro IPCA+ com Juros Semestrais;15/08/2010;09/10/2007;6.91;6.95;1647.14;1645.52;1644.95
Tesouro IPCA+ com Juros Semestrais;15/05/2009;09/10/2007;6.89;6.91;1687.98;1687.51;1686.93
Tesouro IPCA+ com Juros Semestrais;15/08/2008;09/10/2007;6.61;6.63;1676.30;1676.04;1675.48
Tesouro IPCA+ com Juros Semestrais;15/05/2015;09/10/2007;6.75;6.81;1638.81;1633.27;1632.71
Tesouro IPCA+ com Juros Semestrais;15/05/2045;09/10/2007;6.23;6.33;1658.77;1635.98;1635.45
Tesouro IPCA+ com Juros Semestrais;15/05/2035;09/10/2007;6.33;6.43;1642.91;1622.59;1622.06
Tesouro IPCA+ com Juros Semestrais;15/08/2024;09/10/2007;6.42;6.50;1617.13;1604.29;1603.76
Tesouro IPCA+ com Juros Semestrais;15/05/2017;09/10/2007;6.75;6.81;1625.88;1619.33;1618.77
Tesouro IPCA+;15/08/2024;09/10/2007;6.29;6.37;599.22;591.70;591.51
Tesouro IPCA+;15/05/2015;09/10/2007;6.73;6.79;1018.86;1014.53;1014.19
Tesouro IGPM+ com Juros Semestrais;01/01/2031;09/10/2007;6.40;6.50;3324.62;3290.69;3289.35
Tesouro IGPM+ com Juros Semestrais;01/04/2021;09/10/2007;6.53;6.61;1889.32;1876.16;1875.38
Tesouro IGPM+ com Juros Semestrais;01/07/2017;09/10/2007;6.74;6.80;1907.48;1899.66;1898.86
Tesouro IGPM+ com Juros Semestrais;01/03/2011;09/10/2007;6.90;6.94;1935.84;1933.60;1932.79
Tesouro IGPM+ com Juros Semestrais;01/04/2008;09/10/2007;6.13;6.15;1976.35;1976.18;1975.40
Tesouro Prefixado com Juros Semestrais;01/01/2011;09/10/2007;11.46;11.52;990.92;989.45;989.02
Tesouro Prefixado com Juros Semestrais;01/01/2012;09/10/2007;11.44;11.50;982.81;980.99;980.57
Tesouro Prefixado com Juros Semestrais;01/01/2013;09/10/2007;11.45;11.51;974.72;972.60;972.18
Tesouro Prefixado com Juros Semestrais;01/01/2014;09/10/2007;11.46;11.52;966.90;964.50;964.09
Tesouro Prefixado com Juros Semestrais;01/07/2010;09/10/2007;11.44;11.50;996.88;995.61;995.18
Tesouro Prefixado com Juros Semestrais;01/01/2010;09/10/2007;11.39;11.45;1001.86;1000.79;1000.36
Tesouro Prefixado com Juros Semestrais;01/01/2017;09/10/2007;11.47;11.53;949.19;946.15;945.74
Tesouro Prefixado com Juros Semestrais;01/01/2008;09/10/2007;11.08;11.11;1025.02;1024.96;1024.54
Tesouro Selic;07/03/2013;08/10/2007;0.00;0.04;3237.74;3230.77;3229.40
Tesouro Selic;18/06/2008;08/10/2007;-0.01;0.00;3237.96;3237.74;3236.37
Tesouro Selic;18/03/2009;08/10/2007;-0.01;0.01;3238.20;3237.27;3235.91
Tesouro Selic;17/03/2010;08/10/2007;-0.01;0.02;3238.52;3236.17;3234.80
Tesouro Selic;16/03/2011;08/10/2007;0.00;0.04;3237.74;3233.32;3231.94
Tesouro Selic;07/03/2012;08/10/2007;0.00;0.04;3237.74;3232.06;3230.68
Tesouro Prefixado;01/07/2009;08/10/2007;11.34;11.39;831.81;831.17;830.81
Tesouro Prefixado;01/01/2009;08/10/2007;11.29;11.33;876.70;876.31;875.94
Tesouro Prefixado;01/10/2008;08/10/2007;11.22;11.26;901.77;901.46;901.08
Tesouro Prefixado;01/07/2008;08/10/2007;11.17;11.21;927.54;927.30;926.91
Tesouro Prefixado;01/04/2008;08/10/2007;11.11;11.14;952.26;952.14;951.74
Tesouro Prefixado;01/10/2009;08/10/2007;11.36;11.41;808.79;808.08;807.73
Tesouro Prefixado;01/01/2008;08/10/2007;11.07;11.10;976.93;976.88;976.47
Tesouro IPCA+ com Juros Semestrais;15/08/2012;08/10/2007;6.86;6.90;1627.37;1624.79;1624.23
Tesouro IPCA+ com Juros Semestrais;15/05/2011;08/10/2007;6.91;6.95;1663.29;1661.31;1660.73
Tesouro IPCA+ com Juros Semestrais;15/08/2010;08/10/2007;6.92;6.96;1646.17;1644.55;1643.98
Tesouro IPCA+ com Juros Semestrais;15/05/2009;08/10/2007;6.88;6.90;1687.64;1687.17;1686.58
Tesouro IPCA+ com Juros Semestrais;15/08/2008;08/10/2007;6.59;6.61;1676.00;1675.74;1675.18
Tesouro IPCA+ com Juros Semestrais;15/05/2015;08/10/2007;6.75;6.81;1638.25;1632.71;1632.16
Tesouro IPCA+ com Juros Semestrais;15/05/2045;08/10/2007;6.22;6.32;1660.55;1637.71;1637.18
Tesouro IPCA+ com Juros Semestrais;15/05/2035;08/10/2007;6.32;6.42;1644.43;1624.07;1623.54
Tesouro IPCA+ com Juros Semestrais;15/08/2024;08/10/2007;6.42;6.50;1616.60;1603.76;1603.23
Tesouro IPCA+ com Juros Semestrais;15/05/2017;08/10/2007;6.74;6.80;1626.42;1619.86;1619.31
Tesouro IPCA+;15/08/2024;08/10/2007;6.29;6.37;599.03;591.51;591.32
Tesouro IPCA+;15/05/2015;08/10/2007;6.73;6.79;1018.52;1014.19;1013.84
Tesouro IGPM+ com Juros Semestrais;01/01/2031;08/10/2007;6.39;6.49;3326.70;3292.71;3291.37
Tesouro IGPM+ com Juros Semestrais;01/04/2021;08/10/2007;6.52;6.60;1890.20;1877.02;1876.25
Tesouro IGPM+ com Juros Semestrais;01/07/2017;08/10/2007;6.73;6.79;1908.00;1900.16;1899.37
Tesouro IGPM+ com Juros Semestrais;01/03/2011;08/10/2007;6.91;6.95;1934.46;1932.23;1931.41
Tesouro IGPM+ com Juros Semestrais;01/04/2008;08/10/2007;6.14;6.16;1975.48;1975.31;1974.53
Tesouro Prefixado com Juros Semestrais;01/01/2011;08/10/2007;11.44;11.50;990.98;989.51;989.08
Tesouro Prefixado com Juros Semestrais;01/01/2012;08/10/2007;11.40;11.46;983.60;981.78;981.36
Tesouro Prefixado com Juros Semestrais;01/01/2013;08/10/2007;11.42;11.48;975.37;973.24;972.82
Tesouro Prefixado com Juros Semestrais;01/01/2014;08/10/2007;11.43;11.49;967.69;965.28;964.87
Tesouro Prefixado com Juros Semestrais;01/07/2010;08/10/2007;11.43;11.49;996.66;995.39;994.96
Tesouro Prefixado com Juros Semestrais;01/01/2010;08/10/2007;11.36;11.42;1001.97;1000.90;1000.47
Tesouro Prefixado com Juros Semestrais;01/01/2017;08/10/2007;11.45;11.51;949.80;946.75;946.34
Tesouro Prefixado com Juros Semestrais;01/01/2008;08/10/2007;11.07;11.10;1024.62;1024.56;1024.13
Tesouro Selic;07/03/2013;05/10/2007;0.00;0.04;3236.38;3229.41;3228.04
Tesouro Selic;07/03/2012;05/10/2007;0.00;0.04;3236.38;3230.69;3229.32
Tesouro Selic;16/03/2011;05/10/2007;0.00;0.04;3236.38;3231.95;3230.58
Tesouro Selic;17/03/2010;05/10/2007;-0.01;0.02;3237.16;3234.81;3233.44
Tesouro Selic;18/03/2009;05/10/2007;-0.01;0.01;3236.84;3235.91;3234.54
Tesouro Selic;18/06/2008;05/10/2007;-0.01;0.00;3236.60;3236.38;3235.01
Tesouro Prefixado;01/01/2009;05/10/2007;11.31;11.35;876.13;875.74;875.37
Tesouro Prefixado;01/07/2009;05/10/2007;11.37;11.42;831.07;830.43;830.07
Tesouro Prefixado;01/10/2009;05/10/2007;11.39;11.44;808.02;807.30;806.95
Tesouro Prefixado;01/07/2008;05/10/2007;11.17;11.21;927.15;926.91;926.52
Tesouro Prefixado;01/04/2008;05/10/2007;11.12;11.15;951.82;951.70;951.30
Tesouro Prefixado;01/10/2008;05/10/2007;11.23;11.27;901.31;901.00;900.62
Tesouro IGPM+ com Juros Semestrais;01/04/2021;19/06/2007;5.99;6.07;1949.29;1935.42;1934.75
Tesouro IGPM+ com Juros Semestrais;01/01/2031;19/06/2007;5.94;6.04;3445.32;3409.35;3408.18
Tesouro Prefixado com Juros Semestrais;01/01/2008;19/06/2007;11.22;11.26;1039.79;1039.60;1039.16
Tesouro Prefixado com Juros Semestrais;01/01/2010;19/06/2007;10.42;10.48;1036.95;1035.71;1035.30
Tesouro Prefixado com Juros Semestrais;01/07/2010;19/06/2007;10.41;10.47;1036.62;1035.18;1034.77
Tesouro Prefixado com Juros Semestrais;01/01/2012;19/06/2007;10.36;10.42;1034.07;1032.06;1031.65
Tesouro Prefixado com Juros Semestrais;01/01/2014;19/06/2007;10.33;10.39;1031.58;1028.93;1028.52
Tesouro Prefixado com Juros Semestrais;01/01/2017;19/06/2007;10.28;10.34;1030.63;1027.22;1026.82
Tesouro Selic;07/03/2012;18/06/2007;0.00;0.04;3129.12;3123.24;3121.83
Tesouro Selic;17/03/2010;18/06/2007;0.00;0.03;3129.12;3126.56;3125.15
Tesouro Selic;16/03/2011;18/06/2007;0.00;0.04;3129.12;3124.46;3123.05
Tesouro Selic;18/03/2009;18/06/2007;0.00;0.02;3129.12;3128.03;3126.62
Tesouro Selic;18/06/2008;18/06/2007;-0.01;0.00;3129.43;3129.12;3127.72
Tesouro Prefixado;01/07/2007;18/06/2007;11.91;11.94;995.98;995.97;995.53
Tesouro Prefixado;01/10/2008;18/06/2007;10.66;10.70;877.89;877.48;877.12
Tesouro Prefixado;01/01/2009;18/06/2007;10.54;10.59;856.68;856.08;855.74
Tesouro Prefixado;01/07/2009;18/06/2007;10.48;10.54;817.01;816.11;815.79
Tesouro Prefixado;01/10/2007;18/06/2007;11.55;11.58;968.83;968.75;968.33
Tesouro Prefixado;01/01/2008;18/06/2007;11.23;11.27;944.57;944.39;943.99
Tesouro Prefixado;01/04/2008;18/06/2007;10.99;11.03;922.10;921.84;921.46
Tesouro Prefixado;01/07/2008;18/06/2007;10.82;10.86;900.15;899.82;899.45
Tesouro IPCA+ com Juros Semestrais;15/05/2045;18/06/2007;5.90;6.00;1686.75;1662.30;1661.85
Tesouro IPCA+ com Juros Semestrais;15/05/2035;18/06/2007;5.91;6.01;1681.73;1659.77;1659.32
Tesouro IPCA+ com Juros Semestrais;15/08/2024;18/06/2007;5.94;6.02;1695.36;1681.62;1681.16
Tesouro IPCA+ com Juros Semestrais;15/05/2017;18/06/2007;6.09;6.15;1649.26;1642.23;1641.77
Tesouro IPCA+ com Juros Semestrais;15/08/2012;18/06/2007;6.26;6.32;1664.52;1660.37;1659.90
Tesouro IPCA+ com Juros Semestrais;15/05/2011;18/06/2007;6.37;6.41;1638.84;1636.68;1636.21
Tesouro IPCA+ com Juros Semestrais;15/08/2010;18/06/2007;6.46;6.50;1661.93;1660.15;1659.67
Tesouro IPCA+ com Juros Semestrais;15/05/2009;18/06/2007;6.78;6.80;1636.45;1635.90;1635.40
Tesouro IPCA+ com Juros Semestrais;15/08/2008;18/06/2007;7.27;7.29;1660.25;1659.90;1659.37
Tesouro IPCA+ com Juros Semestrais;15/05/2015;18/06/2007;6.19;6.25;1640.40;1634.51;1634.05
Tesouro IPCA+;15/08/2024;18/06/2007;5.85;5.93;623.59;615.58;615.42
Tesouro IPCA+;15/05/2015;18/06/2007;6.15;6.21;1029.71;1025.13;1024.84
Tesouro IGPM+ com Juros Semestrais;01/04/2021;18/06/2007;5.99;6.07;1948.62;1934.75;1934.08
Tesouro IGPM+ com Juros Semestrais;01/07/2017;18/06/2007;6.09;6.17;1961.84;1950.81;1950.13
Tesouro IGPM+ com Juros Semestrais;01/03/2011;18/06/2007;6.39;6.43;1930.44;1928.04;1927.34
Tesouro IGPM+ com Juros Semestrais;01/04/2008;18/06/2007;7.64;7.66;1922.02;1921.74;1920.96
Tesouro IGPM+ com Juros Semestrais;01/01/2031;18/06/2007;5.94;6.04;3444.14;3408.18;3407.00
Tesouro Prefixado com Juros Semestrais;01/01/2017;18/06/2007;10.25;10.31;1031.94;1028.53;1028.12
Tesouro Prefixado com Juros Semestrais;01/01/2014;18/06/2007;10.31;10.37;1032.06;1029.41;1029.00
Tesouro Prefixado com Juros Semestrais;01/01/2012;18/06/2007;10.35;10.41;1034.01;1031.99;1031.58
Tesouro Prefixado com Juros Semestrais;01/07/2010;18/06/2007;10.41;10.47;1036.21;1034.77;1034.36
Tesouro Prefixado com Juros Semestrais;01/01/2010;18/06/2007;10.44;10.50;1036.12;1034.88;1034.47
Tesouro Prefixado com Juros Semestrais;01/01/2008;18/06/2007;11.23;11.27;1039.30;1039.11;1038.67
Tesouro Selic;18/06/2008;15/06/2007;-0.01;0.01;3128.03;3127.41;3126.01
Tesouro Selic;18/03/2009;15/06/2007;0.00;0.02;3127.72;3126.63;3125.22
Tesouro Selic;17/03/2010;15/06/2007;0.00;0.03;3127.72;3125.16;3123.75
Tesouro Selic;07/03/2012;15/06/2007;0.00;0.04;3127.72;3121.84;3120.43
Tesouro Selic;16/03/2011;15/06/2007;0.00;0.04;3127.72;3123.06;3121.65
Tesouro Prefixado;01/07/2009;15/06/2007;10.56;10.62;815.49;814.59;814.26
Tesouro Prefixado;01/07/2008;15/06/2007;10.84;10.88;899.62;899.29;898.92
Tesouro Prefixado;01/10/2008;15/06/2007;10.70;10.74;877.12;876.72;876.36
Tesouro Prefixado;01/01/2009;15/06/2007;10.60;10.65;855.62;855.02;854.68
Tesouro Prefixado;01/04/2008;15/06/2007;11.00;11.04;921.65;921.39;921.01
Tesouro Prefixado;01/01/2008;15/06/2007;11.23;11.27;944.18;943.99;943.59
Tesouro Prefixado;01/10/2007;15/06/2007;11.56;11.59;968.38;968.31;967.88
Tesouro Prefixado;01/07/2007;15/06/2007;11.92;11.95;995.54;995.53;995.08
Tesouro IPCA+ com Juros Semestrais;15/08/2012;15/06/2007;6.34;6.40;1658.52;1654.39;1653.78
Tesouro IPCA+ com Juros Semestrais;15/05/2015;15/06/2007;6.26;6.32;1633.07;1627.21;1626.62
Tesouro IPCA+ com Juros Semestrais;15/05/2017;15/06/2007;6.13;6.19;1644.11;1637.10;1636.51
Tesouro IPCA+ com Juros Semestrais;15/08/2024;15/06/2007;5.97;6.05;1689.73;1676.05;1675.46
Tesouro IPCA+ com Juros Semestrais;15/05/2011;15/06/2007;6.42;6.46;1635.67;1633.51;1632.91
Tesouro IPCA+ com Juros Semestrais;15/05/2045;15/06/2007;5.94;6.04;1676.45;1652.24;1651.66
Tesouro IPCA+ com Juros Semestrais;15/08/2008;15/06/2007;7.29;7.31;1659.37;1659.03;1658.36
Tesouro IPCA+ com Juros Semestrais;15/05/2009;15/06/2007;6.85;6.87;1634.01;1633.46;1632.83
Tesouro IPCA+ com Juros Semestrais;15/08/2010;15/06/2007;6.52;6.56;1658.77;1656.99;1656.37
Tesouro IPCA+ com Juros Semestrais;15/05/2035;15/06/2007;5.95;6.05;1672.44;1650.66;1650.08
Tesouro IPCA+;15/05/2015;15/06/2007;6.22;6.28;1024.08;1019.53;1019.16
Tesouro IPCA+;15/08/2024;15/06/2007;5.87;5.95;621.41;613.43;613.22
Tesouro IGPM+ com Juros Semestrais;01/01/2031;15/06/2007;5.98;6.08;3428.50;3392.78;3390.83
Tesouro IGPM+ com Juros Semestrais;01/04/2008;15/06/2007;7.66;7.68;1920.96;1920.69;1919.48
Tesouro IGPM+ com Juros Semestrais;01/03/2011;15/06/2007;6.44;6.48;1926.74;1924.34;1923.21
Tesouro IGPM+ com Juros Semestrais;01/07/2017;15/06/2007;6.12;6.20;1957.01;1946.02;1944.89
Tesouro IGPM+ com Juros Semestrais;01/04/2021;15/06/2007;6.02;6.10;1942.73;1928.91;1927.80
Tesouro Prefixado com Juros Semestrais;01/01/2014;15/06/2007;10.43;10.49;1026.35;1023.71;1023.31
Tesouro Prefixado com Juros Semestrais;01/01/2008;15/06/2007;11.23;11.27;1038.86;1038.67;1038.23
Tesouro Prefixado com Juros Semestrais;01/01/2010;15/06/2007;10.53;10.59;1033.85;1032.62;1032.20
Tesouro Prefixado com Juros Semestrais;01/07/2010;15/06/2007;10.52;10.58;1033.16;1031.71;1031.30
Tesouro Prefixado com Juros Semestrais;01/01/2012;15/06/2007;10.48;10.54;1029.23;1027.23;1026.82
Tesouro Prefixado com Juros Semestrais;01/01/2017;15/06/2007;10.38;10.44;1024.16;1020.78;1020.37
Tesouro Selic;18/03/2009;14/06/2007;0.00;0.02;3126.33;3125.23;3123.82
Tesouro Selic;17/03/2010;14/06/2007;0.00;0.03;3126.33;3123.75;3122.35
Tesouro Selic;16/03/2011;14/06/2007;0.00;0.04;3126.33;3121.66;3120.25
Tesouro Selic;07/03/2012;14/06/2007;0.00;0.04;3126.33;3120.44;3119.03
Tesouro Selic;18/06/2008;14/06/2007;-0.01;0.01;3126.64;3126.01;3124.61
Tesouro IPCA+ com Juros Semestrais;15/05/2045;15/03/2007;7.23;7.33;1415.58;1397.86;1397.33
Tesouro IPCA+ com Juros Semestrais;15/05/2007;15/03/2007;7.47;7.49;1663.23;1663.18;1662.54
Tesouro IPCA+ com Juros Semestrais;15/08/2024;15/03/2007;7.40;7.48;1428.50;1417.37;1416.83
Tesouro IPCA+ com Juros Semestrais;15/05/2035;15/03/2007;7.32;7.42;1419.61;1403.13;1402.60
Tesouro IPCA+;15/05/2015;15/03/2007;7.56;7.62;902.68;898.59;898.25
Tesouro IPCA+;15/08/2024;15/03/2007;7.32;7.40;479.44;473.28;473.10
Tesouro IGPM+ com Juros Semestrais;01/01/2031;15/03/2007;7.37;7.47;2914.46;2885.96;2884.88
Tesouro IGPM+ com Juros Semestrais;01/04/2021;15/03/2007;7.44;7.52;1733.87;1722.17;1721.52
Tesouro IGPM+ com Juros Semestrais;01/07/2017;15/03/2007;7.51;7.59;1736.99;1727.24;1726.58
Tesouro IGPM+ com Juros Semestrais;01/03/2011;15/03/2007;7.77;7.81;1806.11;1803.73;1803.02
Tesouro IGPM+ com Juros Semestrais;01/04/2008;15/03/2007;8.10;8.12;1925.27;1924.91;1924.14
Tesouro Prefixado com Juros Semestrais;01/01/2014;15/03/2007;12.09;12.15;929.88;927.44;927.02
Tesouro Prefixado com Juros Semestrais;01/01/2012;15/03/2007;12.06;12.12;950.75;948.81;948.38
Tesouro Prefixado com Juros Semestrais;01/07/2010;15/03/2007;11.99;12.05;970.80;969.34;968.90
Tesouro Prefixado com Juros Semestrais;01/01/2010;15/03/2007;11.98;12.04;976.54;975.26;974.82
Tesouro Prefixado com Juros Semestrais;01/01/2008;15/03/2007;12.10;12.14;1005.56;1005.29;1004.83
Tesouro Prefixado com Juros Semestrais;01/01/2017;15/03/2007;12.08;12.14;908.20;905.21;904.80
Tesouro Selic;17/03/2010;14/03/2007;0.00;0.04;3035.71;3032.08;3030.63
Tesouro Selic;18/03/2009;14/03/2007;0.00;0.03;3035.71;3033.89;3032.44
Tesouro Selic;07/03/2012;14/03/2007;0.00;0.04;3035.71;3029.69;3028.24
Tesouro Selic;16/03/2011;14/03/2007;0.00;0.04;3035.71;3030.87;3029.42
Tesouro Selic;18/06/2008;14/03/2007;-0.01;0.01;3036.09;3035.33;3033.89
Tesouro Prefixado;01/10/2007;14/03/2007;12.28;12.32;938.54;938.35;937.92
Tesouro Prefixado;01/04/2007;14/03/2007;12.73;12.76;994.31;994.29;993.82
Tesouro Prefixado;01/04/2008;14/03/2007;12.03;12.07;889.00;888.67;888.27
Tesouro Prefixado;01/07/2008;14/03/2007;11.99;12.03;864.89;864.50;864.11
Tesouro Prefixado;01/01/2009;14/03/2007;11.96;12.01;815.84;815.19;814.82
Tesouro Prefixado;01/01/2008;14/03/2007;12.11;12.15;913.27;913.01;912.59
Tesouro Prefixado;01/07/2007;14/03/2007;12.50;12.53;966.00;965.92;965.47
Tesouro IPCA+ com Juros Semestrais;15/05/2009;14/03/2007;7.93;7.97;1607.03;1605.83;1605.11
Tesouro IPCA+ com Juros Semestrais;15/05/2007;14/03/2007;7.79;7.81;1661.79;1661.74;1661.00
Tesouro IPCA+ com Juros Semestrais;15/05/2011;14/03/2007;7.78;7.82;1568.67;1566.54;1565.85
Tesouro IPCA+ com Juros Semestrais;15/05/2015;14/03/2007;7.62;7.68;1513.17;1507.83;1507.17
Tesouro IPCA+ com Juros Semestrais;15/08/2024;14/03/2007;7.39;7.47;1429.36;1418.21;1417.61
Tesouro IPCA+ com Juros Semestrais;15/05/2035;14/03/2007;7.32;7.42;1419.07;1402.60;1402.00
Tesouro IPCA+ com Juros Semestrais;15/05/2045;14/03/2007;7.20;7.30;1420.44;1402.61;1402.02
Tesouro IPCA+ com Juros Semestrais;15/08/2010;14/03/2007;7.84;7.88;1556.67;1554.87;1554.19
Tesouro IPCA+ com Juros Semestrais;15/08/2008;14/03/2007;7.88;7.90;1603.12;1602.71;1602.00
Tesouro IPCA+;15/08/2024;14/03/2007;7.30;7.38;480.81;474.63;474.43
Tesouro IPCA+;15/05/2015;14/03/2007;7.59;7.65;900.29;896.21;895.82
Tesouro IGPM+ com Juros Semestrais;01/01/2031;14/03/2007;7.37;7.47;2913.37;2884.88;2883.79
Tesouro IGPM+ com Juros Semestrais;01/04/2021;14/03/2007;7.44;7.52;1733.22;1721.52;1720.87
Tesouro IGPM+ com Juros Semestrais;01/07/2017;14/03/2007;7.53;7.61;1733.89;1724.15;1723.49
Tesouro IGPM+ com Juros Semestrais;01/03/2011;14/03/2007;7.79;7.83;1804.22;1801.83;1801.13
Tesouro IGPM+ com Juros Semestrais;01/04/2008;14/03/2007;8.09;8.11;1924.68;1924.32;1923.55
Tesouro Prefixado com Juros Semestrais;01/01/2017;14/03/2007;12.21;12.27;901.34;898.38;897.97
Tesouro Prefixado com Juros Semestrais;01/01/2014;14/03/2007;12.11;12.17;928.64;926.20;925.78
Tesouro Prefixado com Juros Semestrais;01/01/2012;14/03/2007;12.06;12.12;950.32;948.38;947.95
Tesouro Prefixado com Juros Semestrais;01/07/2010;14/03/2007;12.07;12.13;968.41;966.95;966.51
Tesouro Prefixado com Juros Semestrais;01/01/2008;14/03/2007;12.12;12.16;1004.97;1004.69;1004.24
Tesouro Prefixado com Juros Semestrais;01/01/2010;14/03/2007;11.97;12.03;976.32;975.04;974.60
Tesouro Selic;18/06/2008;13/03/2007;-0.01;0.01;3034.65;3033.89;3032.45
Tesouro Selic;18/03/2009;13/03/2007;0.00;0.03;3034.27;3032.44;3031.00
Tesouro Selic;17/03/2010;13/03/2007;0.00;0.04;3034.27;3030.64;3029.19
Tesouro Selic;16/03/2011;13/03/2007;0.00;0.04;3034.27;3029.43;3027.99
Tesouro Selic;07/03/2012;13/03/2007;0.00;0.04;3034.27;3028.25;3026.80
Tesouro Prefixado;01/01/2009;13/03/2007;11.86;11.91;816.79;816.13;815.77
Tesouro Prefixado;01/07/2008;13/03/2007;11.93;11.97;865.10;864.70;864.31
Tesouro Prefixado;01/04/2008;13/03/2007;12.00;12.04;888.85;888.52;888.12
Tesouro Prefixado;01/01/2008;13/03/2007;12.10;12.14;912.92;912.66;912.24
Tesouro Prefixado;01/04/2007;13/03/2007;12.72;12.75;993.84;993.82;993.35
Tesouro Prefixado;01/07/2007;13/03/2007;12.48;12.51;965.60;965.52;965.07
Tesouro Prefixado;01/10/2007;13/03/2007;12.28;12.32;938.11;937.92;937.49
Tesouro IPCA+ com Juros Semestrais;15/08/2024;13/03/2007;7.39;7.47;1428.73;1417.58;1416.96
Tesouro IPCA+ com Juros Semestrais;15/05/2015;13/03/2007;7.58;7.64;1516.07;1510.71;1510.03
Tesouro IPCA+ com Juros Semestrais;15/05/2045;13/03/2007;7.22;7.32;1416.23;1398.48;1397.87
Tesouro IPCA+ com Juros Semestrais;15/05/2035;13/03/2007;7.32;7.42;1418.45;1401.98;1401.36
Tesouro IPCA+ com Juros Semestrais;15/05/2007;13/03/2007;7.50;7.52;1661.77;1661.72;1660.99
Tesouro IPCA+ com Juros Semestrais;15/08/2008;13/03/2007;7.98;8.00;1600.35;1599.94;1599.20
Tesouro IPCA+ com Juros Semestrais;15/05/2009;13/03/2007;7.87;7.91;1608.10;1606.89;1606.15
Tesouro IPCA+ com Juros Semestrais;15/08/2010;13/03/2007;7.76;7.80;1559.56;1557.76;1557.05
Tesouro IPCA+ com Juros Semestrais;15/05/2011;13/03/2007;7.74;7.78;1570.08;1567.95;1567.24
Tesouro IPCA+;15/08/2024;13/03/2007;7.31;7.39;479.82;473.65;473.45
Tesouro IPCA+;15/05/2015;13/03/2007;7.55;7.61;902.62;898.52;898.12
Tesouro IGPM+ com Juros Semestrais;01/04/2008;13/03/2007;8.09;8.11;1923.91;1923.55;1922.78
Tesouro IGPM+ com Juros Semestrais;01/03/2011;13/03/2007;7.74;7.78;1806.50;1804.11;1803.41
Tesouro IGPM+ com Juros Semestrais;01/07/2017;13/03/2007;7.50;7.58;1736.90;1727.14;1726.48
Tesouro IGPM+ com Juros Semestrais;01/04/2021;13/03/2007;7.43;7.51;1734.04;1722.33;1721.68
Tesouro IGPM+ com Juros Semestrais;01/01/2031;13/03/2007;7.37;7.47;2912.29;2883.79;2882.71
Tesouro Prefixado com Juros Semestrais;01/01/2014;13/03/2007;12.04;12.10;931.08;928.63;928.21
Tesouro Prefixado com Juros Semestrais;01/01/2012;13/03/2007;11.99;12.05;952.16;950.22;949.79
Tesouro IGPM+ com Juros Semestrais;01/03/2011;03/11/2006;8.78;8.82;1718.07;1715.68;1714.43
Tesouro IGPM+ com Juros Semestrais;01/04/2008;03/11/2006;9.47;9.49;1806.90;1806.46;1805.11
Tesouro IGPM+ com Juros Semestrais;01/12/2006;03/11/2006;11.33;11.35;2008.95;2008.93;2007.29
Tesouro IGPM+ com Juros Semestrais;01/07/2017;03/11/2006;8.38;8.46;1613.73;1604.75;1603.61
Tesouro IGPM+ com Juros Semestrais;01/04/2021;03/11/2006;8.20;8.28;1552.62;1542.03;1540.94
Tesouro IGPM+ com Juros Semestrais;01/01/2031;03/11/2006;8.08;8.18;2706.01;2680.86;2678.98
Tesouro Prefixado com Juros Semestrais;01/01/2008;03/11/2006;13.00;13.04;1005.12;1004.74;1004.25
Tesouro Prefixado com Juros Semestrais;01/01/2010;03/11/2006;13.43;13.49;952.96;951.62;951.14
Tesouro Prefixado com Juros Semestrais;01/01/2012;03/11/2006;13.67;13.73;908.63;906.75;906.28
Tesouro Prefixado com Juros Semestrais;01/01/2014;03/11/2006;13.75;13.81;874.96;872.69;872.25
Tesouro Selic;17/01/2007;01/11/2006;-0.02;0.00;2905.98;2905.86;2904.38
Tesouro Selic;18/03/2009;01/11/2006;0.00;0.03;2905.86;2903.81;2902.32
Tesouro Selic;17/03/2010;01/11/2006;0.00;0.04;2905.86;2901.98;2900.49
Tesouro Selic;16/03/2011;01/11/2006;0.00;0.04;2905.86;2900.82;2899.33
Tesouro Selic;07/03/2012;01/11/2006;0.00;0.04;2905.86;2899.69;2898.20
Tesouro Selic;18/06/2008;01/11/2006;-0.01;0.01;2906.32;2905.40;2903.91
Tesouro Prefixado;01/01/2007;01/11/2006;13.51;13.54;980.57;980.53;980.04
Tesouro Prefixado;01/07/2007;01/11/2006;13.12;13.16;923.35;923.14;922.69
Tesouro Prefixado;01/10/2007;01/11/2006;13.08;13.12;895.18;894.89;894.45
Tesouro Prefixado;01/01/2008;01/11/2006;13.08;13.12;868.51;868.15;867.73
Tesouro Prefixado;01/04/2008;01/11/2006;13.11;13.15;842.73;842.32;841.91
Tesouro Prefixado;01/07/2008;01/11/2006;13.17;13.22;816.87;816.28;815.87
Tesouro Prefixado;01/01/2009;01/11/2006;13.27;13.33;764.53;763.65;763.28
Tesouro Prefixado;01/04/2007;01/11/2006;13.25;13.28;951.35;951.25;950.78
Tesouro IPCA+ com Juros Semestrais;15/05/2035;01/11/2006;8.00;8.10;1302.28;1288.05;1287.40
Tesouro IPCA+ com Juros Semestrais;15/05/2045;01/11/2006;7.90;8.00;1293.68;1278.69;1278.04
Tesouro IPCA+ com Juros Semestrais;15/08/2024;01/11/2006;8.10;8.18;1321.67;1311.69;1311.02
Tesouro IPCA+ com Juros Semestrais;15/05/2015;01/11/2006;8.60;8.66;1410.41;1405.42;1404.68
Tesouro IPCA+ com Juros Semestrais;15/05/2011;01/11/2006;8.88;8.92;1487.99;1485.88;1485.08
Tesouro IPCA+ com Juros Semestrais;15/08/2010;01/11/2006;8.87;8.91;1486.70;1484.86;1484.06
Tesouro IPCA+ com Juros Semestrais;15/05/2009;01/11/2006;8.87;8.91;1552.37;1551.06;1550.23
Tesouro IPCA+ com Juros Semestrais;15/08/2008;01/11/2006;8.90;8.92;1554.47;1553.99;1553.16
Tesouro IPCA+ com Juros Semestrais;15/05/2007;01/11/2006;8.92;8.94;1628.15;1628.00;1627.13
Tesouro IPCA+;15/05/2015;01/11/2006;8.55;8.61;798.96;795.21;794.79
Tesouro IPCA+;15/08/2024;01/11/2006;7.89;7.97;417.96;412.51;412.30
Tesouro IGPM+ com Juros Semestrais;01/03/2011;01/11/2006;8.88;8.92;1710.85;1708.47;1707.45
Tesouro IGPM+ com Juros Semestrais;01/04/2008;01/11/2006;9.48;9.50;1805.33;1804.88;1803.77
Tesouro IGPM+ com Juros Semestrais;01/12/2006;01/11/2006;11.33;11.35;2007.32;2007.29;2005.91
Tesouro IGPM+ com Juros Semestrais;01/07/2017;01/11/2006;8.40;8.48;1610.34;1601.38;1600.45
Tesouro IGPM+ com Juros Semestrais;01/01/2031;01/11/2006;8.09;8.19;2701.59;2676.48;2674.95
Tesouro IGPM+ com Juros Semestrais;01/04/2021;01/11/2006;8.20;8.28;1551.53;1540.94;1540.06
Tesouro Prefixado com Juros Semestrais;01/01/2008;01/11/2006;13.08;13.12;1003.87;1003.48;1002.99
Tesouro Prefixado com Juros Semestrais;01/01/2012;01/11/2006;13.75;13.81;905.66;903.78;903.32
Tesouro Prefixado com Juros Semestrais;01/01/2010;01/11/2006;13.53;13.59;950.25;948.91;948.43
Tesouro Prefixado com Juros Semestrais;01/01/2014;01/11/2006;13.81;13.87;872.25;869.99;869.54
Tesouro Selic;18/06/2008;31/10/2006;-0.01;0.01;2904.85;2903.92;2902.43
Tesouro Selic;18/03/2009;31/10/2006;0.00;0.03;2904.38;2902.33;2900.84
Tesouro Selic;16/03/2011;31/10/2006;0.00;0.04;2904.38;2899.34;2897.86
Tesouro Selic;17/03/2010;31/10/2006;0.00;0.04;2904.38;2900.50;2899.01
Tesouro Selic;17/01/2007;31/10/2006;-0.02;0.00;2904.50;2904.38;2902.90
Tesouro Prefixado;01/04/2008;31/10/2006;13.14;13.18;842.01;841.60;841.18
Tesouro Prefixado;01/07/2008;31/10/2006;13.23;13.28;815.76;815.17;814.76
Tesouro Prefixado;01/01/2008;31/10/2006;13.11;13.15;867.82;867.47;867.04
Tesouro Prefixado;01/10/2007;31/10/2006;13.11;13.15;894.52;894.24;893.80
Tesouro Prefixado;01/07/2007;31/10/2006;13.13;13.17;922.85;922.63;922.18
Tesouro Prefixado;01/01/2009;31/10/2006;13.35;13.41;762.98;762.11;761.73
Tesouro Prefixado;01/01/2007;31/10/2006;13.51;13.54;980.08;980.04;979.55
Tesouro Prefixado;01/04/2007;31/10/2006;13.25;13.28;950.88;950.78;950.31
Tesouro IPCA+ com Juros Semestrais;15/05/2009;31/10/2006;8.90;8.94;1550.55;1549.24;1548.56
Tesouro IPCA+ com Juros Semestrais;15/08/2008;31/10/2006;8.93;8.95;1552.92;1552.44;1551.75
Tesouro IPCA+ com Juros Semestrais;15/05/2007;31/10/2006;8.95;8.97;1627.05;1626.90;1626.18
Tesouro IPCA+ com Juros Semestrais;15/08/2010;31/10/2006;8.89;8.93;1484.98;1483.14;1482.49
Tesouro IPCA+ com Juros Semestrais;15/05/2045;31/10/2006;7.90;8.00;1293.03;1278.04;1277.53
Tesouro IPCA+ com Juros Semestrais;15/05/2035;31/10/2006;8.01;8.11;1300.19;1285.99;1285.46
Tesouro IPCA+ com Juros Semestrais;15/08/2024;31/10/2006;8.10;8.18;1321.00;1311.02;1310.48
Tesouro IPCA+ com Juros Semestrais;15/05/2015;31/10/2006;8.60;8.66;1409.67;1404.68;1404.08
Tesouro IPCA+ com Juros Semestrais;15/05/2011;31/10/2006;8.90;8.94;1486.14;1484.03;1483.37
Tesouro IPCA+;15/05/2015;31/10/2006;8.55;8.61;798.54;794.79;794.46
Tesouro IPCA+;15/08/2024;31/10/2006;7.89;7.97;417.75;412.30;412.14
Tesouro IGPM+ com Juros Semestrais;01/03/2011;31/10/2006;8.90;8.94;1708.64;1706.26;1705.46
Tesouro IGPM+ com Juros Semestrais;01/04/2008;31/10/2006;9.52;9.54;1803.32;1802.88;1801.99
Tesouro IGPM+ com Juros Semestrais;01/12/2006;31/10/2006;11.33;11.35;2005.94;2005.91;2004.80
Tesouro IGPM+ com Juros Semestrais;01/07/2017;31/10/2006;8.40;8.48;1609.41;1600.45;1599.72
Tesouro IGPM+ com Juros Semestrais;01/04/2021;31/10/2006;8.20;8.28;1550.65;1540.06;1539.37
Tesouro IGPM+ com Juros Semestrais;01/01/2031;31/10/2006;8.09;8.19;2700.06;2674.95;2673.77
Tesouro Prefixado com Juros Semestrais;01/01/2008;31/10/2006;13.12;13.16;1002.99;1002.61;1002.12
Tesouro Prefixado com Juros Semestrais;01/01/2010;31/10/2006;13.61;13.67;947.98;946.64;946.16
Tesouro Prefixado com Juros Semestrais;01/01/2012;31/10/2006;13.80;13.86;903.63;901.76;901.30
Tesouro Prefixado com Juros Semestrais;01/01/2014;31/10/2006;13.85;13.91;870.29;868.04;867.60
Tesouro Selic;18/06/2008;30/10/2006;-0.01;0.01;2903.37;2902.44;2900.95
Tesouro Selic;17/01/2007;30/10/2006;-0.02;0.00;2903.03;2902.91;2901.42
Tesouro Selic;16/03/2011;30/10/2006;0.00;0.04;2902.91;2897.86;2896.38
Tesouro Selic;17/03/2010;30/10/2006;0.00;0.04;2902.91;2899.01;2897.53
Tesouro Selic;18/03/2009;30/10/2006;0.00;0.03;2902.91;2900.85;2899.36
Tesouro Prefixado;01/04/2008;30/10/2006;13.14;13.18;841.60;841.18;840.77
Tesouro Prefixado;01/07/2008;30/10/2006;13.21;13.26;815.59;815.00;814.60
Tesouro Prefixado;01/01/2008;30/10/2006;13.12;13.16;867.31;866.95;866.53
Tesouro Prefixado;01/10/2007;30/10/2006;13.13;13.17;893.94;893.66;893.22
Tesouro Prefixado;01/07/2007;30/10/2006;13.17;13.21;922.18;921.97;921.51
Tesouro Prefixado;01/01/2009;30/10/2006;13.30;13.36;763.33;762.46;762.08
Tesouro Prefixado;01/01/2007;30/10/2006;13.52;13.55;979.57;979.53;979.04
Tesouro Prefixado;01/04/2007;30/10/2006;13.28;13.31;950.31;950.20;949.73
Tesouro IPCA+ com Juros Semestrais;15/05/2035;30/10/2006;8.02;8.12;1298.23;1284.06;1283.53
Tesouro IPCA+ com Juros Semestrais;15/05/2045;30/10/2006;7.91;8.01;1291.00;1276.04;1275.53
Tesouro IPCA+ com Juros Semestrais;15/08/2024;30/10/2006;8.10;8.18;1320.46;1310.48;1309.94
Tesouro IPCA+ com Juros Semestrais;15/05/2015;30/10/2006;8.61;8.67;1408.23;1403.25;1402.64
Tesouro IPCA+ com Juros Semestrais;15/05/2011;30/10/2006;8.91;8.95;1484.96;1482.85;1482.19
Tesouro Prefixado;01/04/2007;16/01/2007;12.87;12.90;975.79;975.74;975.27
Tesouro Prefixado;01/10/2007;16/01/2007;12.61;12.65;919.96;919.73;919.30
Tesouro Prefixado;01/01/2008;16/01/2007;12.54;12.58;894.00;893.70;893.28
Tesouro Prefixado;01/04/2008;16/01/2007;12.56;12.60;868.61;868.24;867.84
Tesouro Prefixado;01/07/2008;16/01/2007;12.57;12.61;843.58;843.15;842.76
Tesouro Prefixado;01/01/2009;16/01/2007;12.56;12.61;793.36;792.67;792.30
Tesouro Prefixado;01/07/2007;16/01/2007;12.68;12.71;947.87;947.76;947.31
Tesouro IPCA+ com Juros Semestrais;15/05/2045;16/01/2007;7.45;7.55;1349.86;1333.14;1332.56
Tesouro IPCA+ com Juros Semestrais;15/08/2024;16/01/2007;7.66;7.74;1412.39;1401.72;1401.10
Tesouro IPCA+ com Juros Semestrais;15/05/2035;16/01/2007;7.51;7.61;1360.96;1345.19;1344.61
Tesouro IPCA+ com Juros Semestrais;15/05/2015;16/01/2007;7.92;7.98;1456.85;1451.61;1450.96
Tesouro IPCA+ com Juros Semestrais;15/05/2011;16/01/2007;8.04;8.08;1523.44;1521.30;1520.61
Tesouro IPCA+ com Juros Semestrais;15/08/2010;16/01/2007;8.06;8.10;1563.04;1561.21;1560.50
Tesouro IPCA+ com Juros Semestrais;15/05/2009;16/01/2007;8.06;8.10;1570.62;1569.36;1568.64
Tesouro IPCA+ com Juros Semestrais;15/08/2008;16/01/2007;8.01;8.03;1615.72;1615.27;1614.55
Tesouro IPCA+ com Juros Semestrais;15/05/2007;16/01/2007;7.26;7.28;1631.26;1631.17;1630.48
Tesouro IPCA+;15/05/2015;16/01/2007;7.90;7.96;861.79;857.82;857.44
Tesouro IPCA+;15/08/2024;16/01/2007;7.56;7.64;452.00;446.15;445.96
Tesouro IGPM+ com Juros Semestrais;01/07/2017;16/01/2007;7.82;7.90;1667.48;1658.00;1657.30
Tesouro IGPM+ com Juros Semestrais;01/03/2011;16/01/2007;8.05;8.09;1810.69;1808.27;1807.50
Tesouro IGPM+ com Juros Semestrais;01/04/2008;16/01/2007;8.01;8.03;1889.91;1889.51;1888.71
Tesouro IGPM+ com Juros Semestrais;01/04/2021;16/01/2007;7.71;7.79;1663.08;1651.77;1651.08
Tesouro IGPM+ com Juros Semestrais;01/01/2031;16/01/2007;7.60;7.70;2796.65;2769.28;2768.14
Tesouro Prefixado com Juros Semestrais;01/01/2008;16/01/2007;12.55;12.59;983.84;983.52;983.06
Tesouro Prefixado com Juros Semestrais;01/01/2010;16/01/2007;12.63;12.69;944.78;943.47;943.03
Tesouro Prefixado com Juros Semestrais;01/01/2012;16/01/2007;12.73;12.79;911.90;909.98;909.54
Tesouro Prefixado com Juros Semestrais;01/01/2014;16/01/2007;12.77;12.83;885.68;883.31;882.89
Tesouro Selic;07/03/2012;15/01/2007;0.00;0.04;2977.61;2971.52;2970.04
Tesouro Selic;16/03/2011;15/01/2007;0.00;0.04;2977.61;2972.68;2971.21
Tesouro Selic;17/03/2010;15/01/2007;0.00;0.04;2977.61;2973.86;2972.39
Tesouro Selic;17/01/2007;15/01/2007;-0.01;0.00;2977.61;2977.61;2976.14
Tesouro Selic;18/06/2008;15/01/2007;-0.01;0.01;2978.03;2977.19;2975.72
Tesouro Selic;18/03/2009;15/01/2007;0.00;0.03;2977.61;2975.68;2974.21
Tesouro Prefixado;01/07/2008;15/01/2007;12.49;12.53;844.05;843.62;843.22
Tesouro Prefixado;01/04/2008;15/01/2007;12.50;12.54;868.76;868.39;867.98
Tesouro Prefixado;01/01/2008;15/01/2007;12.49;12.53;893.96;893.66;893.24
Tesouro Prefixado;01/10/2007;15/01/2007;12.59;12.63;919.65;919.42;918.98
Tesouro Prefixado;01/07/2007;15/01/2007;12.66;12.69;947.50;947.38;946.93
Tesouro Prefixado;01/01/2009;15/01/2007;12.49;12.54;793.96;793.27;792.90
Tesouro Prefixado;01/04/2007;15/01/2007;12.87;12.90;975.32;975.27;974.80
Tesouro IPCA+ com Juros Semestrais;15/05/2009;15/01/2007;8.02;8.06;1571.17;1569.91;1569.20
Tesouro IPCA+ com Juros Semestrais;15/08/2008;15/01/2007;7.99;8.01;1615.43;1614.99;1614.26
Tesouro IPCA+ com Juros Semestrais;15/05/2007;15/01/2007;7.26;7.28;1630.57;1630.48;1629.78
Tesouro IPCA+ com Juros Semestrais;15/08/2010;15/01/2007;8.02;8.06;1564.17;1562.33;1561.63
Tesouro IPCA+ com Juros Semestrais;15/05/2045;15/01/2007;7.44;7.54;1350.97;1334.22;1333.64
Tesouro IPCA+ com Juros Semestrais;15/05/2035;15/01/2007;7.51;7.61;1360.37;1344.61;1344.02
Tesouro IPCA+ com Juros Semestrais;15/08/2024;15/01/2007;7.66;7.74;1411.78;1401.10;1400.49
Tesouro IPCA+ com Juros Semestrais;15/05/2015;15/01/2007;7.90;7.96;1457.95;1452.70;1452.05
Tesouro IPCA+ com Juros Semestrais;15/05/2011;15/01/2007;8.01;8.05;1524.37;1522.22;1521.53
Tesouro IPCA+;15/05/2015;15/01/2007;7.88;7.94;862.73;858.76;858.37
Tesouro IPCA+;15/08/2024;15/01/2007;7.57;7.65;451.07;445.23;445.04
Tesouro IGPM+ com Juros Semestrais;01/04/2021;15/01/2007;7.71;7.79;1662.39;1651.08;1650.39
Tesouro IGPM+ com Juros Semestrais;01/01/2031;15/01/2007;7.60;7.70;2795.50;2768.14;2767.00
Tesouro IGPM+ com Juros Semestrais;01/04/2008;15/01/2007;8.00;8.02;1889.31;1888.91;1888.10
Tesouro IGPM+ com Juros Semestrais;01/03/2011;15/01/2007;8.01;8.05;1812.33;1809.91;1809.14
Tesouro IGPM+ com Juros Semestrais;01/07/2017;15/01/2007;7.80;7.88;1669.17;1659.66;1658.97
Tesouro Prefixado com Juros Semestrais;01/01/2008;15/01/2007;12.50;12.54;983.79;983.46;983.00
Tesouro Prefixado com Juros Semestrais;01/01/2010;15/01/2007;12.58;12.64;945.43;944.12;943.67
Tesouro Prefixado com Juros Semestrais;01/01/2014;15/01/2007;12.71;12.77;887.64;885.26;884.84
Tesouro Prefixado com Juros Semestrais;01/01/2012;15/01/2007;12.66;12.72;913.71;911.79;911.35
Tesouro Selic;18/03/2009;12/01/2007;0.00;0.03;2976.15;2974.22;2972.74
Tesouro Selic;18/06/2008;12/01/2007;-0.01;0.01;2976.57;2975.73;2974.26
Tesouro Selic;16/03/2011;12/01/2007;0.00;0.04;2976.15;2971.21;2969.74
Tesouro Selic;07/03/2012;12/01/2007;0.00;0.04;2976.15;2970.05;2968.58
Tesouro Selic;17/03/2010;12/01/2007;0.00;0.04;2976.15;2972.40;2970.92
Tesouro Selic;17/01/2007;12/01/2007;-0.01;0.00;2976.15;2976.15;2974.68
Tesouro Prefixado;01/10/2007;12/01/2007;12.57;12.61;919.33;919.10;918.66
Tesouro Prefixado;01/04/2007;12/01/2007;12.87;12.90;974.85;974.80;974.33
Tesouro Prefixado;01/04/2008;12/01/2007;12.46;12.50;868.72;868.35;867.95
Tesouro Prefixado;01/07/2008;12/01/2007;12.46;12.50;843.98;843.55;843.16
Tesouro Prefixado;01/01/2009;12/01/2007;12.45;12.50;794.14;793.45;793.08
Tesouro Prefixado;01/01/2008;12/01/2007;12.48;12.52;893.62;893.31;892.90
Tesouro Prefixado;01/07/2007;12/01/2007;12.67;12.70;947.01;946.90;946.45
Tesouro IPCA+ com Juros Semestrais;15/05/2009;12/01/2007;7.97;8.01;1572.05;1570.78;1569.57
Tesouro IPCA+ com Juros Semestrais;15/05/2007;12/01/2007;7.29;7.31;1629.74;1629.64;1628.43
Tesouro IPCA+ com Juros Semestrais;15/05/2011;12/01/2007;7.97;8.01;1525.83;1523.68;1522.51
Tesouro IPCA+ com Juros Semestrais;15/05/2015;12/01/2007;7.85;7.91;1461.69;1456.42;1455.31
Tesouro IPCA+ com Juros Semestrais;15/08/2024;12/01/2007;7.65;7.73;1412.50;1401.81;1400.75
Tesouro IPCA+ com Juros Semestrais;15/05/2035;12/01/2007;7.49;7.59;1362.97;1347.15;1346.13
Tesouro IPCA+ com Juros Semestrais;15/05/2045;12/01/2007;7.41;7.51;1355.49;1338.63;1337.62
Tesouro IPCA+ com Juros Semestrais;15/08/2010;12/01/2007;7.97;8.01;1565.77;1563.92;1562.72
Tesouro IPCA+ com Juros Semestrais;15/08/2008;12/01/2007;7.99;8.01;1614.71;1614.26;1613.02
Tesouro IPCA+;15/08/2024;12/01/2007;7.57;7.65;450.87;445.04;444.70
Tesouro IPCA+;15/05/2015;12/01/2007;7.83;7.89;865.68;861.69;861.03
Tesouro IGPM+ com Juros Semestrais;01/07/2017;12/01/2007;7.77;7.85;1672.06;1662.52;1661.43
Tesouro IGPM+ com Juros Semestrais;01/03/2011;12/01/2007;7.97;8.01;1813.99;1811.56;1810.36
Tesouro IGPM+ com Juros Semestrais;01/04/2021;12/01/2007;7.69;7.77;1664.54;1653.21;1652.13
Tesouro IGPM+ com Juros Semestrais;01/01/2031;12/01/2007;7.58;7.68;2799.88;2772.43;2770.63
Tesouro IGPM+ com Juros Semestrais;01/04/2008;12/01/2007;8.00;8.02;1888.51;1888.10;1886.85
Tesouro Prefixado com Juros Semestrais;01/01/2014;12/01/2007;12.63;12.69;890.41;888.01;887.59
Tesouro Prefixado com Juros Semestrais;01/01/2012;12/01/2007;12.58;12.64;915.86;913.92;913.49
Tesouro Prefixado com Juros Semestrais;01/01/2010;12/01/2007;12.51;12.57;946.53;945.21;944.77
Tesouro Prefixado com Juros Semestrais;01/01/2008;12/01/2007;12.48;12.52;983.49;983.17;982.71
Tesouro Selic;17/01/2007;11/01/2007;-0.01;0.00;2974.69;2974.69;2973.22
Tesouro Selic;18/03/2009;11/01/2007;0.00;0.03;2974.69;2972.75;2971.28
Tesouro Selic;17/03/2010;11/01/2007;0.00;0.04;2974.69;2970.93;2969.46
Tesouro Selic;16/03/2011;11/01/2007;0.00;0.04;2974.69;2969.75;2968.28
Tesouro Prefixado;01/07/2007;14/05/2007;12.22;12.25;985.01;984.97;984.52
Tesouro IPCA+ com Juros Semestrais;15/05/2009;14/05/2007;7.09;7.13;1612.50;1611.35;1659.37
Tesouro IPCA+ com Juros Semestrais;15/08/2010;14/05/2007;6.81;6.85;1631.27;1629.47;1628.91
Tesouro IPCA+ com Juros Semestrais;15/05/2011;14/05/2007;6.64;6.68;1609.64;1607.46;1655.51
Tesouro IPCA+ com Juros Semestrais;15/08/2008;14/05/2007;7.57;7.59;1638.79;1638.42;1637.81
Tesouro IPCA+ com Juros Semestrais;15/05/2015;14/05/2007;6.33;6.39;1612.44;1606.58;1654.64
Tesouro IPCA+ com Juros Semestrais;15/05/2045;14/05/2007;6.18;6.28;1605.80;1583.01;1631.09
Tesouro IPCA+ com Juros Semestrais;15/05/2007;14/05/2007;7.60;7.62;0.00;0.00;1692.01
Tesouro IPCA+ com Juros Semestrais;15/08/2024;14/05/2007;6.24;6.32;1630.38;1617.23;1616.70
Tesouro IPCA+ com Juros Semestrais;15/05/2035;14/05/2007;6.20;6.30;1605.26;1584.60;1632.67
Tesouro IPCA+;15/05/2015;14/05/2007;6.27;6.33;1011.68;1007.13;1006.81
Tesouro IPCA+;15/08/2024;14/05/2007;6.18;6.26;586.16;578.61;578.43
Tesouro IGPM+ com Juros Semestrais;01/01/2031;14/05/2007;6.21;6.31;3314.72;3280.44;3279.60
Tesouro IGPM+ com Juros Semestrais;01/04/2021;14/05/2007;6.24;6.32;1887.05;1873.60;1873.12
Tesouro IGPM+ com Juros Semestrais;01/07/2017;14/05/2007;6.27;6.35;1918.84;1907.97;1907.48
Tesouro IGPM+ com Juros Semestrais;01/03/2011;14/05/2007;6.67;6.71;1897.03;1894.61;1894.10
Tesouro IGPM+ com Juros Semestrais;01/04/2008;14/05/2007;7.79;7.81;1901.96;1901.65;1901.06
Tesouro Prefixado com Juros Semestrais;01/01/2014;14/05/2007;10.49;10.55;1014.43;1011.78;1011.37
Tesouro Prefixado com Juros Semestrais;01/01/2012;14/05/2007;10.52;10.58;1018.55;1016.52;1016.11
Tesouro Prefixado com Juros Semestrais;01/07/2010;14/05/2007;10.58;10.64;1022.29;1020.81;1020.40
Tesouro Prefixado com Juros Semestrais;01/01/2010;14/05/2007;10.65;10.71;1021.90;1020.62;1020.21
Tesouro Prefixado com Juros Semestrais;01/01/2008;14/05/2007;11.55;11.59;1027.03;1026.80;1026.36
Tesouro Prefixado com Juros Semestrais;01/01/2017;14/05/2007;10.48;10.54;1009.31;1005.93;1005.53
Tesouro Selic;07/03/2012;11/05/2007;0.00;0.04;3093.35;3087.41;3085.96
Tesouro Selic;16/03/2011;11/05/2007;0.00;0.04;3093.35;3088.61;3087.17
Tesouro Selic;17/03/2010;11/05/2007;0.00;0.03;3093.35;3090.72;3089.27
Tesouro Selic;18/03/2009;11/05/2007;0.00;0.02;3093.35;3092.21;3090.76
Tesouro Selic;18/06/2008;11/05/2007;-0.01;0.01;3093.68;3093.01;3091.56
Tesouro Prefixado;01/07/2009;11/05/2007;10.77;10.83;804.47;803.55;803.22
Tesouro Prefixado;01/01/2009;11/05/2007;10.85;10.90;844.31;843.69;843.34
Tesouro Prefixado;01/07/2008;11/05/2007;11.15;11.19;888.06;887.70;887.32
Tesouro Prefixado;01/04/2008;11/05/2007;11.32;11.36;910.24;909.95;909.56
Tesouro Prefixado;01/01/2008;11/05/2007;11.56;11.60;932.90;932.68;932.28
Tesouro Prefixado;01/07/2007;11/05/2007;12.24;12.27;984.54;984.50;984.05
Tesouro Prefixado;01/10/2007;11/05/2007;11.85;11.88;957.38;957.28;956.85
Tesouro IPCA+ com Juros Semestrais;15/08/2024;11/05/2007;6.25;6.33;1628.20;1615.06;1614.27
Tesouro IPCA+ com Juros Semestrais;15/05/2035;11/05/2007;6.20;6.30;1653.33;1632.67;1631.86
Tesouro IPCA+ com Juros Semestrais;15/05/2045;11/05/2007;6.19;6.29;1651.56;1628.84;1628.04
Tesouro IPCA+ com Juros Semestrais;15/08/2008;11/05/2007;7.58;7.60;1637.99;1637.62;1636.74
Tesouro IPCA+ com Juros Semestrais;15/08/2010;11/05/2007;6.82;6.86;1630.26;1628.45;1627.62
Tesouro IPCA+ com Juros Semestrais;15/05/2009;11/05/2007;7.10;7.14;1660.23;1659.07;1658.21
Tesouro IPCA+ com Juros Semestrais;15/05/2015;11/05/2007;6.38;6.44;1655.61;1649.77;1648.95
Tesouro IPCA+ com Juros Semestrais;15/05/2011;11/05/2007;6.66;6.70;1656.59;1654.41;1653.58
Tesouro IPCA+ com Juros Semestrais;15/05/2007;11/05/2007;7.60;7.62;1692.00;1692.00;1691.09
Tesouro IPCA+;15/05/2015;11/05/2007;6.32;6.38;1007.56;1003.03;1002.53
Tesouro IPCA+;15/08/2024;11/05/2007;6.18;6.26;585.97;578.43;578.14
Tesouro IGPM+ com Juros Semestrais;01/04/2008;11/05/2007;7.86;7.88;1900.62;1900.31;1899.60
Tesouro IGPM+ com Juros Semestrais;01/03/2011;11/05/2007;6.70;6.74;1895.62;1893.20;1892.57
Tesouro IGPM+ com Juros Semestrais;01/07/2017;11/05/2007;6.33;6.41;1913.23;1902.40;1901.78
Tesouro IGPM+ com Juros Semestrais;01/04/2021;11/05/2007;6.28;6.36;1883.52;1870.10;1869.49
Tesouro IGPM+ com Juros Semestrais;01/01/2031;11/05/2007;6.24;6.34;3310.99;3276.75;3275.70
Tesouro Prefixado com Juros Semestrais;01/01/2008;11/05/2007;11.56;11.60;1026.52;1026.30;1025.85
Tesouro Prefixado com Juros Semestrais;01/01/2017;11/05/2007;10.53;10.59;1006.09;1002.73;1002.33
Tesouro Prefixado com Juros Semestrais;01/01/2014;11/05/2007;10.54;10.60;1011.82;1009.17;1008.76
Tesouro Prefixado com Juros Semestrais;01/01/2012;11/05/2007;10.57;10.63;1016.45;1014.42;1014.01
Tesouro Prefixado com Juros Semestrais;01/07/2010;11/05/2007;10.62;10.68;1020.89;1019.42;1019.01
Tesouro Prefixado com Juros Semestrais;01/01/2010;11/05/2007;10.68;10.74;1020.85;1019.58;1019.16
Tesouro Selic;18/06/2008;10/05/2007;-0.01;0.01;3092.25;3091.57;3090.12
Tesouro Selic;18/03/2009;10/05/2007;0.00;0.02;3091.91;3090.77;3089.32
Tesouro Selic;17/03/2010;10/05/2007;0.00;0.03;3091.91;3089.28;3087.83
Tesouro Selic;07/03/2012;10/05/2007;0.00;0.04;3091.91;3085.97;3084.52
Tesouro Selic;16/03/2011;10/05/2007;0.00;0.04;3091.91;3087.17;3085.72
Tesouro Prefixado;01/04/2008;10/05/2007;11.31;11.35;909.92;909.63;909.24
Tesouro Prefixado;01/10/2007;10/05/2007;11.86;11.89;956.92;956.82;956.39
Tesouro Prefixado;01/01/2008;10/05/2007;11.56;11.60;932.49;932.28;931.87
Tesouro Prefixado;01/07/2007;10/05/2007;12.24;12.27;984.09;984.05;983.60
Tesouro Prefixado;01/07/2008;10/05/2007;11.12;11.16;887.95;887.59;887.22
Tesouro Prefixado;01/01/2009;10/05/2007;10.80;10.85;844.59;843.97;843.62
Tesouro Prefixado;01/07/2009;10/05/2007;10.69;10.75;805.39;804.46;804.13
Tesouro IPCA+ com Juros Semestrais;15/08/2008;10/05/2007;7.53;7.55;1637.75;1637.38;1636.78
Tesouro IPCA+ com Juros Semestrais;15/05/2045;10/05/2007;6.17;6.27;1655.08;1632.25;1631.74
Tesouro IPCA+ com Juros Semestrais;15/05/2035;10/05/2007;6.18;6.28;1656.42;1635.68;1635.16
Tesouro IPCA+ com Juros Semestrais;15/08/2024;10/05/2007;6.24;6.32;1628.77;1615.62;1615.11
Tesouro IPCA+ com Juros Semestrais;15/05/2015;10/05/2007;6.36;6.42;1656.46;1650.61;1650.08
Tesouro IPCA+ com Juros Semestrais;15/05/2011;10/05/2007;6.63;6.67;1657.10;1654.92;1654.37
Tesouro IPCA+ com Juros Semestrais;15/08/2010;10/05/2007;6.78;6.82;1630.95;1629.14;1628.59
Tesouro IPCA+ com Juros Semestrais;15/05/2009;10/05/2007;7.08;7.12;1659.65;1658.50;1657.92
Tesouro IPCA+ com Juros Semestrais;15/05/2007;10/05/2007;7.56;7.58;1690.80;1690.80;1690.18
Tesouro IPCA+;15/08/2024;10/05/2007;6.18;6.26;585.58;578.04;577.86
Tesouro IPCA+;15/05/2015;10/05/2007;6.31;6.37;1007.65;1003.11;1002.79
Tesouro IGPM+ com Juros Semestrais;01/01/2031;10/05/2007;6.22;6.32;3316.85;3282.50;3281.62
Tesouro IGPM+ com Juros Semestrais;01/07/2017;10/05/2007;6.31;6.39;1915.33;1904.48;1903.97
Tesouro IGPM+ com Juros Semestrais;01/04/2021;10/05/2007;6.26;6.34;1886.29;1872.84;1872.33
Tesouro IGPM+ com Juros Semestrais;01/04/2008;10/05/2007;7.96;7.98;1898.38;1898.07;1897.44
Tesouro IGPM+ com Juros Semestrais;01/03/2011;10/05/2007;6.67;6.71;1896.81;1894.38;1893.85
Tesouro Prefixado com Juros Semestrais;01/01/2012;10/05/2007;10.48;10.54;1019.11;1017.06;1016.66
Tesouro Prefixado com Juros Semestrais;01/07/2010;10/05/2007;10.55;10.61;1022.21;1020.73;1020.32
Tesouro Prefixado com Juros Semestrais;01/01/2008;10/05/2007;11.56;11.60;1026.08;1025.85;1025.41
Tesouro Prefixado com Juros Semestrais;01/01/2010;10/05/2007;10.61;10.67;1021.93;1020.65;1020.24
Tesouro Prefixado com Juros Semestrais;01/01/2017;10/05/2007;10.45;10.51;1010.20;1006.82;1006.42
Tesouro Prefixado com Juros Semestrais;01/01/2014;10/05/2007;10.45;10.51;1015.41;1012.74;1012.34
Tesouro Selic;16/03/2011;09/05/2007;0.00;0.04;3090.47;3085.73;3084.28
Tesouro Selic;07/03/2012;09/05/2007;0.00;0.04;3090.47;3084.53;3083.08
Tesouro Selic;18/06/2008;09/05/2007;-0.01;0.01;3090.81;3090.13;3088.69
Tesouro Selic;18/03/2009;09/05/2007;0.00;0.02;3090.47;3089.33;3087.88
Tesouro Prefixado com Juros Semestrais;01/07/2010;13/03/2007;11.93;11.99;971.39;969.92;969.49
Tesouro Prefixado com Juros Semestrais;01/01/2010;13/03/2007;11.92;11.98;976.95;975.67;975.23
Tesouro Prefixado com Juros Semestrais;01/01/2008;13/03/2007;12.10;12.14;1004.65;1004.38;1003.92
Tesouro Prefixado com Juros Semestrais;01/01/2017;13/03/2007;12.05;12.11;908.87;905.88;905.47
Tesouro Selic;16/03/2011;12/03/2007;0.00;0.04;3032.83;3027.99;3026.54
Tesouro Selic;07/03/2012;12/03/2007;0.00;0.04;3032.83;3026.81;3025.36
Tesouro Selic;18/06/2008;12/03/2007;-0.01;0.01;3033.21;3032.45;3031.01
Tesouro Selic;18/03/2009;12/03/2007;0.00;0.03;3032.83;3031.00;3029.56
Tesouro Selic;17/03/2010;12/03/2007;0.00;0.04;3032.83;3029.20;3027.75
Tesouro Prefixado;01/07/2008;12/03/2007;11.98;12.02;864.22;863.82;863.43
Tesouro Prefixado;01/04/2008;12/03/2007;12.04;12.08;888.12;887.78;887.38
Tesouro Prefixado;01/01/2008;12/03/2007;12.14;12.18;912.24;911.98;911.57
Tesouro Prefixado;01/10/2007;12/03/2007;12.31;12.35;937.53;937.35;936.92
Tesouro Prefixado;01/07/2007;12/03/2007;12.50;12.53;965.10;965.02;964.57
Tesouro Prefixado;01/01/2009;12/03/2007;11.92;11.97;815.64;814.98;814.61
Tesouro Prefixado;01/04/2007;12/03/2007;12.73;12.76;993.36;993.35;992.87
Tesouro IPCA+ com Juros Semestrais;15/08/2010;12/03/2007;7.79;7.83;1557.50;1555.70;1554.99
Tesouro IPCA+ com Juros Semestrais;15/05/2009;12/03/2007;7.87;7.91;1607.36;1606.15;1605.42
Tesouro IPCA+ com Juros Semestrais;15/08/2008;12/03/2007;7.94;7.96;1600.43;1600.02;1599.28
Tesouro IPCA+ com Juros Semestrais;15/05/2007;12/03/2007;7.52;7.54;1660.99;1660.93;1660.19
Tesouro IPCA+ com Juros Semestrais;15/05/2011;12/03/2007;7.78;7.82;1567.24;1565.12;1564.40
Tesouro IPCA+ com Juros Semestrais;15/05/2045;12/03/2007;7.23;7.33;1413.82;1396.11;1395.50
Tesouro IPCA+ com Juros Semestrais;15/05/2035;12/03/2007;7.33;7.43;1416.17;1399.73;1399.11
Tesouro IPCA+ com Juros Semestrais;15/08/2024;12/03/2007;7.40;7.48;1426.70;1415.57;1414.94
Tesouro IPCA+ com Juros Semestrais;15/05/2015;12/03/2007;7.60;7.66;1513.60;1508.25;1507.57
Tesouro IPCA+;15/08/2024;12/03/2007;7.32;7.40;478.84;472.68;472.47
Tesouro IPCA+;15/05/2015;12/03/2007;7.57;7.63;900.85;896.76;896.36
Tesouro IGPM+ com Juros Semestrais;01/07/2017;12/03/2007;7.52;7.60;1733.73;1723.98;1723.33
Tesouro IGPM+ com Juros Semestrais;01/04/2021;12/03/2007;7.44;7.52;1731.86;1720.16;1719.51
Tesouro IGPM+ com Juros Semestrais;01/03/2011;12/03/2007;7.78;7.82;1803.34;1800.96;1800.26
Tesouro IGPM+ com Juros Semestrais;01/04/2008;12/03/2007;8.09;8.11;1923.07;1922.71;1921.95
Tesouro IGPM+ com Juros Semestrais;01/01/2031;12/03/2007;7.38;7.48;2908.22;2879.77;2878.70
Tesouro Prefixado com Juros Semestrais;01/01/2008;12/03/2007;12.13;12.17;1003.99;1003.71;1003.25
Tesouro Prefixado com Juros Semestrais;01/01/2014;12/03/2007;12.15;12.21;926.17;923.74;923.32
Tesouro Prefixado com Juros Semestrais;01/01/2012;12/03/2007;12.07;12.13;949.14;947.20;946.77
Tesouro Prefixado com Juros Semestrais;01/07/2010;12/03/2007;12.01;12.07;969.00;967.54;967.10
Tesouro Prefixado com Juros Semestrais;01/01/2010;12/03/2007;11.98;12.04;975.23;973.94;973.50
Tesouro Prefixado com Juros Semestrais;01/01/2017;12/03/2007;12.15;12.21;903.48;900.51;900.10
Tesouro Selic;16/03/2011;09/03/2007;0.00;0.04;3031.40;3026.55;3025.11
Tesouro Selic;07/03/2012;09/03/2007;0.00;0.04;3031.40;3025.37;3023.92
Tesouro Selic;18/06/2008;09/03/2007;-0.01;0.01;3031.78;3031.02;3029.57
Tesouro Selic;18/03/2009;09/03/2007;0.00;0.03;3031.40;3029.56;3028.12
Tesouro Selic;17/03/2010;09/03/2007;0.00;0.04;3031.40;3027.76;3026.31
Tesouro Prefixado;01/07/2008;09/03/2007;12.01;12.05;863.53;863.13;862.74
Tesouro Prefixado;01/04/2008;09/03/2007;12.06;12.10;887.55;887.22;886.81
Tesouro Prefixado;01/01/2008;09/03/2007;12.16;12.20;911.70;911.43;911.02
Tesouro Prefixado;01/10/2007;09/03/2007;12.31;12.35;937.10;936.92;936.48
Tesouro Prefixado;01/07/2007;09/03/2007;12.51;12.54;964.62;964.54;964.09
Tesouro Prefixado;01/01/2009;09/03/2007;11.97;12.02;814.61;813.95;813.59
Tesouro Prefixado;01/04/2007;09/03/2007;12.72;12.75;992.89;992.88;992.40
Tesouro IPCA+ com Juros Semestrais;15/08/2010;09/03/2007;7.82;7.86;1555.44;1553.64;1552.44
Tesouro IPCA+ com Juros Semestrais;15/05/2009;09/03/2007;7.86;7.90;1606.93;1605.72;1604.48
Tesouro IPCA+ com Juros Semestrais;15/08/2008;09/03/2007;7.94;7.96;1599.69;1599.28;1598.04
Tesouro IPCA+ com Juros Semestrais;15/05/2007;09/03/2007;7.51;7.53;1660.27;1660.22;1658.96
Tesouro IPCA+ com Juros Semestrais;15/05/2011;09/03/2007;7.80;7.84;1565.46;1563.34;1562.14
Tesouro IPCA+ com Juros Semestrais;15/05/2045;09/03/2007;7.22;7.32;1415.00;1397.25;1396.21
Tesouro IPCA+ com Juros Semestrais;15/05/2035;09/03/2007;7.34;7.44;1413.89;1397.48;1396.43
Tesouro IPCA+ com Juros Semestrais;15/08/2024;09/03/2007;7.40;7.48;1426.07;1414.94;1413.87
Tesouro IPCA+ com Juros Semestrais;15/05/2015;09/03/2007;7.60;7.66;1512.92;1507.57;1506.42
Tesouro IPCA+;15/08/2024;09/03/2007;7.31;7.39;479.40;473.24;472.88
Tesouro IPCA+;15/05/2015;09/03/2007;7.57;7.63;900.44;896.36;895.67
Tesouro IGPM+ com Juros Semestrais;01/07/2017;09/03/2007;7.52;7.60;1733.08;1723.33;1722.38
Tesouro IGPM+ com Juros Semestrais;01/01/2031;09/03/2007;7.38;7.48;2907.15;2878.70;2877.12
Tesouro IGPM+ com Juros Semestrais;01/03/2011;09/03/2007;7.80;7.84;1801.46;1799.07;1798.06
Tesouro IGPM+ com Juros Semestrais;01/04/2008;09/03/2007;8.09;8.11;1922.31;1921.95;1920.85
Tesouro IGPM+ com Juros Semestrais;01/04/2021;09/03/2007;7.44;7.52;1731.21;1719.51;1718.57
Tesouro Prefixado com Juros Semestrais;01/01/2017;09/03/2007;12.23;12.29;899.12;896.17;895.75
Tesouro Prefixado com Juros Semestrais;01/01/2008;09/03/2007;12.16;12.20;1003.32;1003.04;1002.58
Tesouro Prefixado com Juros Semestrais;01/01/2010;09/03/2007;12.05;12.11;973.29;972.00;971.56
Tesouro Prefixado com Juros Semestrais;01/01/2014;09/03/2007;12.23;12.29;922.51;920.08;919.66
Tesouro Prefixado com Juros Semestrais;01/07/2010;09/03/2007;12.07;12.13;967.10;965.63;965.20
Tesouro Prefixado com Juros Semestrais;01/01/2012;09/03/2007;12.16;12.22;945.80;943.86;943.43
Tesouro Selic;16/03/2011;08/03/2007;0.00;0.04;3029.96;3025.11;3023.67
Tesouro Selic;07/03/2012;08/03/2007;0.00;0.04;3029.96;3023.93;3022.49
Tesouro Selic;18/06/2008;08/03/2007;-0.01;0.01;3030.34;3029.58;3028.13
Tesouro Selic;18/03/2009;08/03/2007;0.00;0.03;3029.96;3028.12;3026.68
Tesouro Selic;17/03/2010;08/03/2007;0.00;0.04;3029.96;3026.32;3024.87
Tesouro Prefixado;01/07/2008;08/03/2007;12.00;12.04;863.24;862.84;862.45
Tesouro Prefixado;01/04/2008;08/03/2007;12.01;12.05;887.56;887.23;886.83
Tesouro Prefixado;01/01/2008;08/03/2007;12.13;12.17;911.48;911.22;910.80
Tesouro Prefixado;01/10/2007;08/03/2007;12.29;12.33;936.77;936.58;936.15
Tesouro Prefixado;01/07/2007;08/03/2007;12.51;12.54;964.17;964.09;963.64
Tesouro Prefixado;01/01/2009;08/03/2007;11.96;12.01;814.38;813.72;813.35
Tesouro Prefixado;01/04/2007;08/03/2007;12.70;12.73;992.43;992.42;991.94
Tesouro IPCA+ com Juros Semestrais;15/08/2010;08/03/2007;7.81;7.85;1554.33;1552.53;1551.84
Tesouro IPCA+ com Juros Semestrais;15/05/2009;08/03/2007;7.85;7.89;1605.61;1604.40;1603.69
Tesouro IPCA+ com Juros Semestrais;15/08/2008;08/03/2007;7.93;7.95;1598.28;1597.87;1597.15
Tesouro IPCA+ com Juros Semestrais;15/05/2007;08/03/2007;7.51;7.53;1658.63;1658.57;1657.85
Tesouro IPCA+ com Juros Semestrais;15/05/2011;08/03/2007;7.79;7.83;1564.43;1562.30;1561.61
Tesouro IPCA+ com Juros Semestrais;15/05/2045;08/03/2007;7.23;7.33;1411.82;1394.13;1393.53
Tesouro IPCA+ com Juros Semestrais;15/05/2035;08/03/2007;7.34;7.44;1412.50;1396.10;1395.50
Tesouro IPCA+ com Juros Semestrais;15/08/2024;08/03/2007;7.40;7.48;1424.66;1413.54;1412.93
Tesouro IPCA+ com Juros Semestrais;15/05/2015;08/03/2007;7.60;7.66;1511.42;1506.07;1505.40
Tesouro IPCA+;15/08/2024;08/03/2007;7.32;7.40;478.16;472.01;471.80
Tesouro IPCA+;15/05/2015;08/03/2007;7.57;7.63;899.55;895.46;895.07
Tesouro IGPM+ com Juros Semestrais;01/07/2017;08/03/2007;7.52;7.60;1732.13;1722.38;1721.73
Tesouro IPCA+ com Juros Semestrais;15/08/2010;30/10/2006;8.90;8.94;1483.87;1482.03;1481.38
Tesouro IPCA+ com Juros Semestrais;15/05/2009;30/10/2006;8.92;8.96;1549.22;1547.91;1547.23
Tesouro IPCA+ com Juros Semestrais;15/08/2008;30/10/2006;8.97;8.99;1551.27;1550.79;1550.11
Tesouro IPCA+ com Juros Semestrais;15/05/2007;30/10/2006;9.03;9.05;1625.73;1625.57;1624.85
Tesouro IPCA+;15/08/2024;30/10/2006;7.88;7.96;418.27;412.81;412.65
Tesouro IPCA+;15/05/2015;30/10/2006;8.56;8.62;797.57;793.83;793.49
Tesouro IGPM+ com Juros Semestrais;01/01/2031;30/10/2006;8.10;8.20;2696.42;2671.35;2670.11
Tesouro IGPM+ com Juros Semestrais;01/12/2006;30/10/2006;11.34;11.36;2004.86;2004.83;2003.67
Tesouro IGPM+ com Juros Semestrais;01/04/2008;30/10/2006;9.58;9.60;1801.15;1800.70;1799.77
Tesouro IGPM+ com Juros Semestrais;01/03/2011;30/10/2006;8.91;8.95;1707.29;1704.91;1704.07
Tesouro IGPM+ com Juros Semestrais;01/04/2021;30/10/2006;8.20;8.28;1550.00;1539.41;1538.69
Tesouro IGPM+ com Juros Semestrais;01/07/2017;30/10/2006;8.41;8.49;1607.60;1598.65;1597.89
Tesouro Prefixado com Juros Semestrais;01/01/2012;30/10/2006;13.68;13.74;906.93;905.04;904.58
Tesouro Prefixado com Juros Semestrais;01/01/2008;30/10/2006;13.13;13.17;1002.41;1002.02;1001.53
Tesouro Prefixado com Juros Semestrais;01/01/2010;30/10/2006;13.53;13.59;949.29;947.95;947.47
Tesouro Prefixado com Juros Semestrais;01/01/2014;30/10/2006;13.74;13.80;873.99;871.73;871.28
Tesouro Selic;18/06/2008;27/10/2006;-0.01;0.01;2901.90;2900.96;2899.48
Tesouro Selic;18/03/2009;27/10/2006;0.00;0.03;2901.43;2899.37;2897.88
Tesouro Selic;16/03/2011;27/10/2006;0.00;0.04;2901.43;2896.38;2894.90
Tesouro Selic;17/03/2010;27/10/2006;0.00;0.04;2901.43;2897.54;2896.05
Tesouro Selic;17/01/2007;27/10/2006;-0.02;0.00;2901.55;2901.43;2899.95
Tesouro Prefixado;01/04/2008;27/10/2006;13.21;13.25;840.46;840.04;839.63
Tesouro Prefixado;01/07/2008;27/10/2006;13.28;13.33;814.36;813.77;813.36
Tesouro Prefixado;01/01/2008;27/10/2006;13.17;13.21;866.44;866.08;865.66
Tesouro Prefixado;01/10/2007;27/10/2006;13.18;13.22;893.15;892.86;892.42
Tesouro Prefixado;01/07/2007;27/10/2006;13.20;13.24;921.57;921.35;920.90
Tesouro Prefixado;01/01/2009;27/10/2006;13.41;13.47;761.35;760.48;760.10
Tesouro Prefixado;01/01/2007;27/10/2006;13.52;13.55;979.08;979.04;978.55
Tesouro Prefixado;01/04/2007;27/10/2006;13.30;13.33;949.77;949.66;949.19
Tesouro IPCA+ com Juros Semestrais;15/05/2009;27/10/2006;9.02;9.06;1545.26;1543.95;1542.96
Tesouro IPCA+ com Juros Semestrais;15/08/2008;27/10/2006;9.06;9.08;1548.43;1547.95;1546.95
Tesouro IPCA+ com Juros Semestrais;15/05/2007;27/10/2006;9.10;9.12;1624.47;1624.32;1623.27
Tesouro IPCA+ com Juros Semestrais;15/08/2010;27/10/2006;9.00;9.04;1478.63;1476.80;1475.86
Tesouro IPCA+ com Juros Semestrais;15/05/2045;27/10/2006;7.94;8.04;1285.96;1271.11;1270.33
Tesouro IPCA+ com Juros Semestrais;15/05/2035;27/10/2006;8.05;8.15;1293.42;1279.33;1278.55
Tesouro IPCA+ com Juros Semestrais;15/08/2024;27/10/2006;8.13;8.21;1316.16;1306.23;1305.43
Tesouro IPCA+ com Juros Semestrais;15/05/2015;27/10/2006;8.65;8.71;1404.30;1399.33;1398.45
Tesouro IPCA+ com Juros Semestrais;15/05/2011;27/10/2006;9.02;9.06;1478.51;1476.41;1475.46
Tesouro IPCA+;15/05/2015;27/10/2006;8.59;8.65;795.36;791.63;791.13
Tesouro IPCA+;15/08/2024;27/10/2006;7.90;7.98;416.73;411.29;411.04
Tesouro IGPM+ com Juros Semestrais;01/03/2011;27/10/2006;9.02;9.06;1697.22;1694.86;1693.79
Tesouro IGPM+ com Juros Semestrais;01/04/2008;27/10/2006;9.63;9.65;1796.26;1795.81;1794.64
Tesouro IGPM+ com Juros Semestrais;01/12/2006;27/10/2006;11.36;11.38;2000.50;2000.47;1999.04
Tesouro IGPM+ com Juros Semestrais;01/07/2017;27/10/2006;8.44;8.52;1600.94;1592.02;1591.05
Tesouro IGPM+ com Juros Semestrais;01/04/2021;27/10/2006;8.24;8.32;1541.53;1531.01;1530.08
Tesouro IGPM+ com Juros Semestrais;01/01/2031;27/10/2006;8.13;8.23;2683.36;2658.45;2656.85
Tesouro Prefixado com Juros Semestrais;01/01/2008;27/10/2006;13.18;13.22;1001.43;1001.05;1000.55
Tesouro Prefixado com Juros Semestrais;01/01/2010;27/10/2006;13.62;13.68;946.80;945.46;944.98
Tesouro Prefixado com Juros Semestrais;01/01/2012;27/10/2006;13.79;13.85;903.02;901.15;900.68
Tesouro Prefixado com Juros Semestrais;01/01/2014;27/10/2006;13.85;13.91;869.40;867.15;866.70
Tesouro Selic;18/06/2008;26/10/2006;-0.01;0.01;2900.42;2899.49;2898.00
Tesouro Selic;18/03/2009;26/10/2006;0.00;0.03;2899.96;2897.89;2896.41
Tesouro Selic;16/03/2011;26/10/2006;0.00;0.04;2899.96;2894.91;2893.42
Tesouro Selic;17/03/2010;26/10/2006;0.00;0.04;2899.96;2896.06;2894.58
Tesouro Selic;17/01/2007;26/10/2006;-0.02;0.00;2900.08;2899.96;2898.47
Tesouro Prefixado;01/04/2008;26/10/2006;13.24;13.28;839.73;839.32;838.90
Tesouro Prefixado;01/07/2008;26/10/2006;13.31;13.36;813.60;813.01;812.60
Tesouro Prefixado;01/01/2008;26/10/2006;13.20;13.24;865.75;865.39;864.96
Tesouro Prefixado;01/10/2007;26/10/2006;13.19;13.23;892.63;892.35;891.91
Tesouro Prefixado;01/07/2007;26/10/2006;13.19;13.23;921.17;920.95;920.50
Tesouro Prefixado;01/01/2009;26/10/2006;13.44;13.50;760.54;759.66;759.28
Tesouro Prefixado;01/01/2007;26/10/2006;13.52;13.55;978.59;978.55;978.05
Tesouro Prefixado;01/04/2007;26/10/2006;13.30;13.33;949.30;949.19;948.72
Tesouro IPCA+ com Juros Semestrais;15/05/2009;26/10/2006;9.06;9.10;1542.96;1541.65;1540.97
Tesouro IPCA+ com Juros Semestrais;15/08/2008;26/10/2006;9.10;9.12;1546.47;1545.99;1545.30
Tesouro IPCA+ com Juros Semestrais;15/05/2007;26/10/2006;9.14;9.16;1623.11;1622.96;1622.23
Tesouro IPCA+ com Juros Semestrais;15/08/2010;26/10/2006;9.05;9.09;1475.40;1473.57;1472.92
Tesouro IPCA+ com Juros Semestrais;15/05/2045;26/10/2006;7.95;8.05;1283.69;1268.87;1268.35
Tesouro IPCA+ com Juros Semestrais;15/05/2035;26/10/2006;8.05;8.15;1292.64;1278.55;1278.03
Tesouro IPCA+ com Juros Semestrais;15/08/2024;26/10/2006;8.15;8.23;1312.87;1302.97;1302.43
Tesouro IPCA+ com Juros Semestrais;15/05/2015;26/10/2006;8.68;8.74;1400.93;1395.98;1395.37
Tesouro IPCA+ com Juros Semestrais;15/05/2011;26/10/2006;9.07;9.11;1474.93;1472.84;1472.18
Tesouro IPCA+;15/05/2015;26/10/2006;8.62;8.68;792.99;789.27;788.93
Tesouro IPCA+;15/08/2024;26/10/2006;7.92;8.00;415.12;409.70;409.53
Tesouro IGPM+ com Juros Semestrais;01/03/2011;26/10/2006;9.07;9.11;1693.19;1690.83;1690.09
Tesouro IGPM+ com Juros Semestrais;01/04/2008;26/10/2006;9.65;9.67;1794.64;1794.19;1793.36
Tesouro IGPM+ com Juros Semestrais;01/12/2006;26/10/2006;11.37;11.39;1999.05;1999.02;1997.97
Tesouro IGPM+ com Juros Semestrais;01/07/2017;26/10/2006;8.47;8.55;1596.61;1587.72;1587.05
Tesouro IGPM+ com Juros Semestrais;01/04/2021;26/10/2006;8.26;8.34;1537.96;1527.46;1526.83
Tesouro IGPM+ com Juros Semestrais;01/01/2031;26/10/2006;8.14;8.24;2679.24;2654.38;2653.29
Tesouro Prefixado com Juros Semestrais;01/01/2008;26/10/2006;13.21;13.25;1000.65;1000.27;999.77
Tesouro Prefixado com Juros Semestrais;01/01/2010;26/10/2006;13.69;13.75;944.76;943.42;942.94
Tesouro Prefixado com Juros Semestrais;01/01/2012;26/10/2006;13.87;13.93;900.06;898.19;897.73
Tesouro Prefixado com Juros Semestrais;01/01/2014;26/10/2006;13.93;13.99;865.95;863.71;863.26
Tesouro Selic;17/03/2010;25/10/2006;0.00;0.04;2898.48;2894.58;2893.10
Tesouro Selic;16/03/2011;25/10/2006;0.00;0.04;2898.48;2893.43;2891.94
Tesouro Selic;18/03/2009;25/10/2006;0.00;0.03;2898.48;2896.41;2894.93
Tesouro Selic;18/06/2008;25/10/2006;-0.01;0.01;2898.95;2898.01;2896.53
Tesouro Selic;17/01/2007;25/10/2006;-0.02;0.00;2898.61;2898.48;2897.00
Tesouro Prefixado;01/07/2007;25/10/2006;13.28;13.32;920.23;920.01;919.56
Tesouro Prefixado;01/01/2008;25/10/2006;13.31;13.35;864.34;863.98;863.55
Tesouro Prefixado;01/10/2007;25/10/2006;13.30;13.34;891.40;891.11;890.67
Tesouro Prefixado;01/04/2007;25/10/2006;13.35;13.38;948.65;948.54;948.07
Tesouro Prefixado;01/01/2007;25/10/2006;13.53;13.56;978.08;978.04;977.54
Tesouro Prefixado;01/01/2009;25/10/2006;13.52;13.58;758.99;758.12;757.74
Tesouro Prefixado;01/07/2008;25/10/2006;13.41;13.46;812.01;811.42;811.01
Tesouro Prefixado;01/04/2008;25/10/2006;13.35;13.39;838.17;837.75;837.34
Tesouro Selic;07/03/2012;11/01/2007;0.00;0.04;2974.69;2968.59;2967.12
Tesouro Selic;18/06/2008;11/01/2007;-0.01;0.01;2975.11;2974.26;2972.80
Tesouro Prefixado;01/07/2007;11/01/2007;12.68;12.71;946.52;946.41;945.96
Tesouro Prefixado;01/10/2007;11/01/2007;12.58;12.62;918.84;918.61;918.17
Tesouro Prefixado;01/01/2008;11/01/2007;12.50;12.54;893.05;892.74;892.32
Tesouro Prefixado;01/04/2008;11/01/2007;12.47;12.51;868.22;867.85;867.45
Tesouro Prefixado;01/07/2008;11/01/2007;12.46;12.50;843.59;843.16;842.76
Tesouro Prefixado;01/01/2009;11/01/2007;12.46;12.51;793.63;792.94;792.57
Tesouro Prefixado;01/04/2007;11/01/2007;12.88;12.91;974.37;974.31;973.84
Tesouro IPCA+ com Juros Semestrais;15/05/2035;11/01/2007;7.50;7.60;1359.87;1344.09;1343.51
Tesouro IPCA+ com Juros Semestrais;15/05/2045;11/01/2007;7.41;7.51;1354.00;1337.14;1336.57
Tesouro IPCA+ com Juros Semestrais;15/08/2024;11/01/2007;7.66;7.74;1409.58;1398.92;1398.31
Tesouro IPCA+ com Juros Semestrais;15/05/2015;11/01/2007;7.85;7.91;1460.05;1454.78;1454.14
Tesouro IPCA+ com Juros Semestrais;15/05/2011;11/01/2007;7.98;8.02;1523.57;1521.42;1520.74
Tesouro IPCA+ com Juros Semestrais;15/08/2010;11/01/2007;7.98;8.02;1563.54;1561.70;1561.00
Tesouro IPCA+ com Juros Semestrais;15/05/2009;11/01/2007;7.98;8.02;1569.96;1568.69;1567.99
Tesouro IPCA+ com Juros Semestrais;15/08/2008;11/01/2007;8.00;8.02;1612.67;1612.22;1611.50
Tesouro IPCA+ com Juros Semestrais;15/05/2007;11/01/2007;7.28;7.30;1627.99;1627.89;1627.21
Tesouro IPCA+;15/08/2024;11/01/2007;7.58;7.66;449.64;443.82;443.62
Tesouro IPCA+;15/05/2015;11/01/2007;7.83;7.89;864.71;860.72;860.34
Tesouro IGPM+ com Juros Semestrais;01/07/2017;11/01/2007;7.77;7.85;1670.79;1661.25;1660.57
Tesouro IGPM+ com Juros Semestrais;01/03/2011;11/01/2007;7.98;8.02;1811.99;1809.56;1808.81
Tesouro IGPM+ com Juros Semestrais;01/04/2008;11/01/2007;8.00;8.02;1887.06;1886.65;1885.87
Tesouro IGPM+ com Juros Semestrais;01/04/2021;11/01/2007;7.70;7.78;1661.86;1650.54;1649.87
Tesouro IGPM+ com Juros Semestrais;01/01/2031;11/01/2007;7.59;7.69;2795.01;2767.61;2766.50
Tesouro Prefixado com Juros Semestrais;01/01/2008;11/01/2007;12.49;12.53;982.95;982.62;982.16
Tesouro Prefixado com Juros Semestrais;01/01/2010;11/01/2007;12.52;12.58;945.87;944.55;944.10
Tesouro Prefixado com Juros Semestrais;01/01/2012;11/01/2007;12.61;12.67;914.46;912.53;912.09
Tesouro Prefixado com Juros Semestrais;01/01/2014;11/01/2007;12.67;12.73;888.39;886.00;885.58
Tesouro Selic;07/03/2012;10/01/2007;0.00;0.04;2973.23;2967.12;2965.65
Tesouro Selic;16/03/2011;10/01/2007;0.00;0.04;2973.23;2968.28;2966.81
Tesouro Selic;17/03/2010;10/01/2007;0.00;0.04;2973.23;2969.46;2968.00
Tesouro Selic;18/03/2009;10/01/2007;0.00;0.03;2973.23;2971.28;2969.81
Tesouro Selic;18/06/2008;10/01/2007;-0.01;0.01;2973.64;2972.80;2971.33
Tesouro Selic;17/01/2007;10/01/2007;-0.01;0.00;2973.23;2973.23;2971.76
Tesouro Prefixado;01/07/2008;10/01/2007;12.48;12.52;842.98;842.54;842.15
Tesouro Prefixado;01/01/2009;10/01/2007;12.49;12.54;792.85;792.15;791.78
Tesouro Prefixado;01/04/2008;10/01/2007;12.50;12.54;867.54;867.17;866.76
Tesouro Prefixado;01/01/2008;10/01/2007;12.51;12.55;892.55;892.25;891.83
Tesouro Prefixado;01/10/2007;10/01/2007;12.58;12.62;918.41;918.17;917.74
Tesouro Prefixado;01/07/2007;10/01/2007;12.68;12.71;946.08;945.96;945.51
Tesouro Prefixado;01/04/2007;10/01/2007;12.89;12.92;973.88;973.82;973.35
Tesouro IPCA+ com Juros Semestrais;15/05/2035;10/01/2007;7.49;7.59;1360.88;1345.07;1344.49
Tesouro IPCA+ com Juros Semestrais;15/05/2045;10/01/2007;7.37;7.47;1360.27;1343.26;1342.69
Tesouro IPCA+ com Juros Semestrais;15/08/2024;10/01/2007;7.66;7.74;1408.97;1398.31;1397.70
Tesouro IPCA+ com Juros Semestrais;15/05/2015;10/01/2007;7.80;7.86;1463.81;1458.53;1457.88
Tesouro IPCA+ com Juros Semestrais;15/05/2009;10/01/2007;7.99;8.03;1568.94;1567.67;1566.97
Tesouro IPCA+ com Juros Semestrais;15/08/2010;10/01/2007;7.99;8.03;1562.39;1560.54;1559.84
Tesouro IPCA+ com Juros Semestrais;15/05/2007;10/01/2007;7.28;7.30;1627.31;1627.21;1626.52
Tesouro IPCA+ com Juros Semestrais;15/08/2008;10/01/2007;7.99;8.01;1612.17;1611.72;1611.00
Tesouro IPCA+ com Juros Semestrais;15/05/2011;10/01/2007;7.99;8.03;1522.36;1520.21;1519.52
Tesouro IPCA+;15/05/2015;10/01/2007;7.77;7.83;868.34;864.33;863.95
Tesouro IPCA+;15/08/2024;10/01/2007;7.59;7.67;448.71;442.90;442.71
Tesouro IGPM+ com Juros Semestrais;01/07/2017;10/01/2007;7.74;7.82;1673.70;1664.14;1663.46
Tesouro IGPM+ com Juros Semestrais;01/04/2008;10/01/2007;8.00;8.02;1886.27;1885.87;1885.08
Tesouro IGPM+ com Juros Semestrais;01/03/2011;10/01/2007;7.99;8.03;1810.63;1808.21;1807.45
Tesouro IGPM+ com Juros Semestrais;01/04/2021;10/01/2007;7.69;7.77;1662.61;1651.28;1650.61
Tesouro IGPM+ com Juros Semestrais;01/01/2031;10/01/2007;7.58;7.68;2796.66;2769.22;2768.10
Tesouro Prefixado com Juros Semestrais;01/01/2012;10/01/2007;12.64;12.70;913.06;911.13;910.70
Tesouro Prefixado com Juros Semestrais;01/01/2014;10/01/2007;12.69;12.75;887.17;884.79;884.37
Tesouro Prefixado com Juros Semestrais;01/01/2008;10/01/2007;12.52;12.56;982.25;981.92;981.46
Tesouro Prefixado com Juros Semestrais;01/01/2010;10/01/2007;12.56;12.62;944.54;943.22;942.78
Tesouro Selic;16/03/2011;09/01/2007;0.00;0.04;2971.76;2966.82;2965.35
Tesouro Selic;17/03/2010;09/01/2007;0.00;0.04;2971.76;2968.00;2966.53
Tesouro Selic;18/03/2009;09/01/2007;0.00;0.03;2971.76;2969.82;2968.35
Tesouro Selic;07/03/2012;09/01/2007;0.00;0.04;2971.76;2965.66;2964.19
Tesouro Prefixado;01/01/2009;09/01/2007;12.49;12.54;792.48;791.78;791.41
Tesouro Prefixado;01/04/2007;09/01/2007;12.89;12.92;973.41;973.35;972.88
Tesouro Prefixado;01/07/2007;09/01/2007;12.68;12.71;945.63;945.51;945.06
Tesouro Prefixado;01/10/2007;09/01/2007;12.60;12.64;917.86;917.62;917.19
Tesouro Prefixado;01/01/2008;09/01/2007;12.53;12.57;891.98;891.68;891.26
Tesouro Prefixado;01/04/2008;09/01/2007;12.51;12.55;867.04;866.67;866.26
Tesouro Prefixado;01/07/2008;09/01/2007;12.50;12.54;842.37;841.93;841.54
Tesouro IPCA+ com Juros Semestrais;15/05/2035;09/01/2007;7.49;7.59;1360.30;1344.49;1343.91
Tesouro IPCA+ com Juros Semestrais;15/05/2045;09/01/2007;7.35;7.45;1363.14;1346.06;1345.49
Tesouro IPCA+ com Juros Semestrais;15/05/2011;09/01/2007;7.96;8.00;1523.29;1521.14;1520.46
Tesouro IPCA+ com Juros Semestrais;15/08/2010;09/01/2007;7.96;8.00;1563.07;1561.23;1560.53
Tesouro IPCA+ com Juros Semestrais;15/08/2024;09/01/2007;7.67;7.75;1407.02;1396.37;1395.76
Tesouro IPCA+ com Juros Semestrais;15/05/2015;09/01/2007;7.80;7.86;1463.17;1457.88;1457.24
Tesouro IPCA+ com Juros Semestrais;15/05/2009;09/01/2007;7.97;8.01;1568.88;1567.61;1566.91
Tesouro IPCA+ com Juros Semestrais;15/05/2007;09/01/2007;7.45;7.47;1625.75;1625.65;1624.96
Tesouro IPCA+ com Juros Semestrais;15/08/2008;09/01/2007;7.94;7.96;1612.57;1612.12;1611.40
Tesouro IPCA+;15/08/2024;09/01/2007;7.61;7.69;447.06;441.27;441.08
Tesouro IPCA+;15/05/2015;09/01/2007;7.78;7.84;867.29;863.28;862.90
Tesouro IGPM+ com Juros Semestrais;01/01/2031;09/01/2007;7.58;7.68;2795.54;2768.10;2766.99
Tesouro IGPM+ com Juros Semestrais;01/03/2011;09/01/2007;7.96;8.00;1811.70;1809.27;1808.52
Tesouro IGPM+ com Juros Semestrais;01/07/2017;09/01/2007;7.75;7.83;1671.82;1662.27;1661.59
Tesouro IGPM+ com Juros Semestrais;01/04/2021;09/01/2007;7.70;7.78;1660.52;1649.20;1648.53
Tesouro IGPM+ com Juros Semestrais;01/04/2008;09/01/2007;8.00;8.02;1885.49;1885.08;1884.30
Tesouro Prefixado com Juros Semestrais;01/01/2010;09/01/2007;12.54;12.60;944.54;943.22;942.77
Tesouro Prefixado com Juros Semestrais;01/01/2008;09/01/2007;12.53;12.57;981.70;981.37;980.91
Tesouro Prefixado com Juros Semestrais;01/01/2012;09/01/2007;12.62;12.68;913.28;911.34;910.91
Tesouro Prefixado com Juros Semestrais;01/01/2014;09/01/2007;12.60;12.66;890.35;887.95;887.53
Tesouro Selic;18/06/2008;08/01/2007;-0.01;0.01;2970.72;2969.88;2968.41
Tesouro Selic;07/03/2012;08/01/2007;0.00;0.04;2970.30;2964.20;2962.73
Tesouro Selic;17/03/2010;09/05/2007;0.00;0.03;3090.47;3087.84;3086.39
Tesouro Prefixado;01/01/2009;09/05/2007;10.86;10.91;843.50;842.87;842.52
Tesouro Prefixado;01/07/2008;09/05/2007;11.14;11.18;887.40;887.04;886.67
Tesouro Prefixado;01/04/2008;09/05/2007;11.32;11.36;909.46;909.17;908.78
Tesouro Prefixado;01/01/2008;09/05/2007;11.58;11.62;931.98;931.76;931.36
Tesouro Prefixado;01/10/2007;09/05/2007;11.89;11.92;956.39;956.29;955.86
Tesouro Prefixado;01/07/2009;09/05/2007;10.76;10.82;803.98;803.05;802.72
Tesouro Prefixado;01/07/2007;09/05/2007;12.27;12.30;983.60;983.56;983.11
Tesouro IPCA+ com Juros Semestrais;15/08/2010;09/05/2007;6.82;6.86;1628.59;1626.78;1626.23
Tesouro IPCA+ com Juros Semestrais;15/05/2009;09/05/2007;7.12;7.16;1657.92;1656.76;1656.18
Tesouro IPCA+ com Juros Semestrais;15/08/2008;09/05/2007;7.53;7.55;1637.15;1636.78;1636.18
Tesouro IPCA+ com Juros Semestrais;15/05/2007;09/05/2007;7.60;7.62;1690.18;1690.17;1689.55
Tesouro IPCA+ com Juros Semestrais;15/05/2011;09/05/2007;6.66;6.70;1654.92;1652.74;1652.19
Tesouro IPCA+ com Juros Semestrais;15/05/2045;09/05/2007;6.18;6.28;1652.26;1629.48;1628.96
Tesouro IPCA+ com Juros Semestrais;15/05/2035;09/05/2007;6.20;6.30;1651.72;1631.06;1630.54
Tesouro IPCA+ com Juros Semestrais;15/08/2024;09/05/2007;6.25;6.33;1626.61;1613.47;1612.95
Tesouro IPCA+ com Juros Semestrais;15/05/2015;09/05/2007;6.39;6.45;1653.00;1647.16;1646.63
Tesouro IPCA+;15/08/2024;09/05/2007;6.18;6.26;585.40;577.86;577.68
Tesouro IPCA+;15/05/2015;09/05/2007;6.33;6.39;1005.81;1001.28;1000.96
Tesouro IGPM+ com Juros Semestrais;01/07/2017;09/05/2007;6.33;6.41;1912.10;1901.26;1900.75
Tesouro IGPM+ com Juros Semestrais;01/04/2021;09/05/2007;6.28;6.36;1882.41;1868.99;1868.48
Tesouro IGPM+ com Juros Semestrais;01/03/2011;09/05/2007;6.70;6.74;1894.45;1892.03;1891.49
Tesouro IGPM+ com Juros Semestrais;01/04/2008;09/05/2007;7.97;7.99;1897.60;1897.29;1896.66
Tesouro IGPM+ com Juros Semestrais;01/01/2031;09/05/2007;6.24;6.34;3309.06;3274.82;3273.93
Tesouro Prefixado com Juros Semestrais;01/01/2008;09/05/2007;11.58;11.62;1025.52;1025.29;1024.84
Tesouro Prefixado com Juros Semestrais;01/01/2014;09/05/2007;10.52;10.58;1011.90;1009.24;1008.84
Tesouro Prefixado com Juros Semestrais;01/01/2012;09/05/2007;10.53;10.59;1017.00;1014.96;1014.56
Tesouro Prefixado com Juros Semestrais;01/07/2010;09/05/2007;10.62;10.68;1020.07;1018.60;1018.19
Tesouro Prefixado com Juros Semestrais;01/01/2010;09/05/2007;10.66;10.72;1020.45;1019.18;1018.76
Tesouro Prefixado com Juros Semestrais;01/01/2017;09/05/2007;10.53;10.59;1005.30;1001.93;1001.53
Tesouro Selic;16/03/2011;08/05/2007;0.00;0.04;3089.04;3084.29;3082.85
Tesouro Selic;07/03/2012;08/05/2007;0.00;0.04;3089.04;3083.09;3081.64
Tesouro Selic;18/06/2008;08/05/2007;-0.01;0.01;3089.37;3088.70;3087.25
Tesouro Selic;18/03/2009;08/05/2007;0.00;0.02;3089.04;3087.89;3086.44
Tesouro Selic;17/03/2010;08/05/2007;0.00;0.03;3089.04;3086.40;3084.95
Tesouro Prefixado;01/01/2009;08/05/2007;10.85;10.90;843.28;842.65;842.30
Tesouro Prefixado;01/07/2008;08/05/2007;11.13;11.17;887.12;886.76;886.39
Tesouro Prefixado;01/04/2008;08/05/2007;11.32;11.36;909.07;908.78;908.40
Tesouro Prefixado;01/01/2008;08/05/2007;11.56;11.60;931.68;931.47;931.06
Tesouro Prefixado;01/10/2007;08/05/2007;11.89;11.92;955.97;955.86;955.44
Tesouro Prefixado;01/07/2009;08/05/2007;10.74;10.80;803.96;803.03;802.70
Tesouro Prefixado;01/07/2007;08/05/2007;12.27;12.30;983.15;983.11;982.65
Tesouro IPCA+ com Juros Semestrais;15/08/2010;08/05/2007;6.81;6.85;1628.49;1626.68;1626.13
Tesouro IPCA+ com Juros Semestrais;15/05/2009;08/05/2007;7.13;7.17;1657.05;1655.89;1655.31
Tesouro IPCA+ com Juros Semestrais;15/08/2008;08/05/2007;7.60;7.62;1635.25;1634.88;1634.28
Tesouro IPCA+ com Juros Semestrais;15/05/2007;08/05/2007;7.67;7.69;1689.54;1689.53;1688.91
Tesouro IPCA+ com Juros Semestrais;15/05/2011;08/05/2007;6.65;6.69;1654.91;1652.73;1652.18
Tesouro IPCA+ com Juros Semestrais;15/05/2045;08/05/2007;6.17;6.27;1654.04;1631.22;1630.70
Tesouro IPCA+ com Juros Semestrais;15/05/2035;08/05/2007;6.20;6.30;1651.20;1630.54;1630.02
Tesouro IPCA+ com Juros Semestrais;15/08/2024;08/05/2007;6.25;6.33;1626.09;1612.95;1612.44
Tesouro IPCA+ com Juros Semestrais;15/05/2015;08/05/2007;6.37;6.43;1654.42;1648.57;1648.04
Tesouro IPCA+;15/08/2024;08/05/2007;6.19;6.27;584.27;576.74;576.56
Tesouro IPCA+;15/05/2015;08/05/2007;6.31;6.37;1007.00;1002.47;1002.14
Tesouro IGPM+ com Juros Semestrais;01/07/2017;08/05/2007;6.32;6.40;1912.94;1902.10;1901.58
Tesouro IGPM+ com Juros Semestrais;01/04/2021;08/05/2007;6.27;6.35;1883.60;1870.15;1869.65
Tesouro IGPM+ com Juros Semestrais;01/03/2011;08/05/2007;6.69;6.73;1894.52;1892.09;1891.56
Tesouro IGPM+ com Juros Semestrais;01/04/2008;08/05/2007;7.97;7.99;1896.97;1896.66;1896.04
Tesouro IGPM+ com Juros Semestrais;01/01/2031;08/05/2007;6.24;6.34;3308.18;3273.93;3273.05
Tesouro Prefixado com Juros Semestrais;01/01/2008;08/05/2007;11.56;11.60;1025.19;1024.96;1024.51
Tesouro Prefixado com Juros Semestrais;01/01/2014;08/05/2007;10.52;10.58;1011.50;1008.84;1008.44
Tesouro Prefixado com Juros Semestrais;01/01/2012;08/05/2007;10.52;10.58;1016.94;1014.90;1014.49
Tesouro Prefixado com Juros Semestrais;01/07/2010;08/05/2007;10.59;10.65;1020.41;1018.93;1018.52
Tesouro Prefixado com Juros Semestrais;01/01/2010;08/05/2007;10.65;10.71;1020.26;1018.98;1018.57
Tesouro IGPM+ com Juros Semestrais;01/03/2011;22/02/2006;8.79;8.85;1697.23;1693.29;1692.75
Tesouro Prefixado com Juros Semestrais;01/01/2008;22/02/2006;14.93;14.98;943.64;942.95;942.43
Tesouro Prefixado com Juros Semestrais;01/01/2010;22/02/2006;14.23;14.29;900.30;898.79;898.31
Tesouro Prefixado com Juros Semestrais;01/01/2012;22/02/2006;13.94;14.00;869.75;867.75;867.30
Tesouro Selic;17/01/2007;21/02/2006;-0.01;0.00;2636.73;2636.50;2634.83
Tesouro Selic;18/06/2008;21/02/2006;0.00;0.03;2636.50;2634.69;2633.02
Tesouro Selic;17/03/2010;21/02/2006;0.02;0.06;2634.37;2630.13;2628.46
Tesouro Selic;18/03/2009;21/02/2006;0.01;0.05;2635.69;2632.49;2630.82
Tesouro Prefixado;01/10/2007;21/02/2006;14.93;14.98;801.81;801.26;800.81
Tesouro IGPM+ com Juros Semestrais;01/01/2031;04/10/2005;8.52;8.62;2495.00;2471.94;2470.93
Tesouro IGPM+ com Juros Semestrais;01/12/2006;04/10/2005;11.78;11.80;1823.79;1823.43;1822.48
Tesouro IGPM+ com Juros Semestrais;01/12/2005;04/10/2005;17.08;17.10;1815.44;1815.39;1814.11
Tesouro IGPM+ com Juros Semestrais;01/04/2021;04/10/2005;8.51;8.59;1434.95;1424.84;1424.26
Tesouro Prefixado com Juros Semestrais;01/01/2008;04/10/2005;17.26;17.32;904.44;903.53;902.95
Tesouro Prefixado com Juros Semestrais;01/01/2010;04/10/2005;16.27;16.33;849.66;848.19;847.68
Tesouro Selic;18/01/2006;03/10/2005;0.03;0.04;2469.65;2469.58;2467.83
Tesouro Selic;17/01/2007;03/10/2005;0.09;0.11;2467.03;2466.41;2464.65
Tesouro Selic;18/06/2008;03/10/2005;0.25;0.28;2453.42;2451.46;2449.70
Tesouro Selic;18/03/2009;03/10/2005;0.34;0.38;2441.25;2437.92;2436.16
Tesouro Prefixado;01/04/2007;03/10/2005;17.81;17.85;785.09;784.70;784.18
Tesouro Prefixado;01/07/2007;03/10/2005;17.58;17.63;756.60;756.05;755.56
Tesouro Prefixado;01/01/2008;03/10/2005;17.15;17.21;703.45;702.65;702.21
Tesouro Prefixado;01/01/2007;03/10/2005;17.89;17.93;816.71;816.37;815.84
Tesouro Prefixado;01/10/2006;03/10/2005;18.13;18.17;848.20;847.92;847.36
Tesouro Prefixado;01/01/2006;03/10/2005;19.11;19.14;958.55;958.49;957.82
Tesouro Prefixado;01/04/2006;03/10/2005;18.66;18.69;919.25;919.14;918.51
Tesouro Prefixado;01/07/2006;03/10/2005;18.33;18.37;883.76;883.55;882.95
Tesouro IPCA+ com Juros Semestrais;15/08/2024;03/10/2005;9.00;9.08;1151.68;1143.10;1142.57
Tesouro IPCA+ com Juros Semestrais;15/05/2015;03/10/2005;8.96;9.02;1298.86;1293.89;1293.29
Tesouro IPCA+ com Juros Semestrais;15/05/2045;03/10/2005;9.10;9.20;1080.47;1069.28;1068.78
Tesouro IPCA+ com Juros Semestrais;15/08/2006;03/10/2005;12.86;12.88;1475.30;1475.08;1474.20
Tesouro IPCA+ com Juros Semestrais;15/05/2007;03/10/2005;12.26;12.28;1448.87;1448.48;1447.65
Tesouro IPCA+ com Juros Semestrais;15/08/2008;03/10/2005;11.73;11.77;1355.62;1354.35;1353.59
Tesouro IPCA+ com Juros Semestrais;15/05/2009;03/10/2005;10.82;10.86;1370.83;1369.26;1368.54
Tesouro IPCA+;15/05/2015;03/10/2005;8.67;8.73;695.77;692.10;691.79
Tesouro IPCA+;15/08/2024;03/10/2005;8.83;8.91;314.58;310.27;310.12
Tesouro IGPM+ com Juros Semestrais;01/01/2031;03/10/2005;8.52;8.62;2493.99;2470.93;2469.92
Tesouro IGPM+ com Juros Semestrais;01/12/2005;03/10/2005;17.08;17.10;1814.16;1814.11;1812.83
Tesouro IGPM+ com Juros Semestrais;01/04/2008;03/10/2005;11.15;11.19;1620.39;1619.04;1618.22
Tesouro IGPM+ com Juros Semestrais;01/12/2006;03/10/2005;11.74;11.76;1823.56;1823.20;1822.25
Tesouro IGPM+ com Juros Semestrais;01/04/2021;03/10/2005;8.50;8.58;1435.64;1425.52;1424.93
Tesouro IGPM+ com Juros Semestrais;01/07/2017;03/10/2005;8.51;8.59;1513.23;1504.26;1503.65
Tesouro IGPM+ com Juros Semestrais;01/03/2011;03/10/2005;8.72;8.78;1616.60;1612.50;1611.83
Tesouro Prefixado com Juros Semestrais;01/01/2008;03/10/2005;17.22;17.28;904.48;903.56;902.99
Tesouro Prefixado com Juros Semestrais;01/01/2010;03/10/2005;16.25;16.31;849.65;848.17;847.66
Tesouro Selic;18/03/2009;30/09/2005;0.34;0.38;2439.49;2436.15;2434.40
Tesouro Selic;18/06/2008;30/09/2005;0.26;0.29;2451.01;2449.05;2447.29
Tesouro Selic;17/01/2007;30/09/2005;0.09;0.11;2465.28;2464.65;2462.90
Tesouro Selic;18/01/2006;30/09/2005;0.03;0.04;2467.90;2467.83;2466.08
Tesouro Prefixado;01/01/2008;30/09/2005;17.14;17.20;703.15;702.35;755.85
Tesouro Prefixado;01/07/2007;30/09/2005;17.51;17.56;756.89;756.34;755.85
Tesouro Prefixado;01/04/2007;30/09/2005;17.75;17.80;785.17;784.68;784.17
Tesouro Prefixado;01/10/2006;30/09/2005;18.10;18.14;847.85;847.57;847.01
Tesouro Prefixado;01/01/2007;30/09/2005;17.85;17.89;816.52;816.18;815.65
Tesouro Prefixado;01/07/2006;30/09/2005;18.31;18.35;883.28;883.06;882.47
Tesouro Prefixado;01/04/2006;30/09/2005;18.66;18.70;918.63;918.48;917.85
Tesouro Prefixado;01/01/2006;30/09/2005;19.13;19.16;957.84;957.78;957.12
Tesouro IPCA+ com Juros Semestrais;15/08/2006;30/09/2005;12.85;12.87;1474.53;1474.31;1473.09
Tesouro IPCA+ com Juros Semestrais;15/05/2007;30/09/2005;12.27;12.29;1447.84;1447.45;1446.28